DUMMY_HEADER,Main_Script_Key
1,RF_WMSS-LOGGER_LS1_PMHB3JB-DMHB3JB_RP3-R3_HOME_10_2140P0_4_242_0XFF_N
2,RF_WMSS-LOGGER_LS1_PMMHB3-DMMHB3_RP3-R4_HOME_10_2140P0_4_242_0XFF_N
,RF_WMSS-LOGGER_LS1_PMHB2-DMHB2_RP4-R5_HOME_10_2140P0_4_142_0XFF_N
,RF_WMSS-LOGGER_LS1_PMHB3JB-DMHB3JB_RP4-R5_HOME_10_2140P0_4_142_0XFF_N
,RF_WMSS-LOGGER_LS1_PMMHB2-DMMHB2_RP4-R6_HOME_10_2140P0_4_142_0XFF_N
,RF_WMSS-LOGGER_LS1_PMMHB3-DMMHB3_RP4-R6_HOME_10_2140P0_4_142_0XFF_N
,RF_WMSS-LOGGER_LS1_PMHB2-DMHB2_RP5-R7_HOME_10_2140P0_4_142_0XFF_N
,RF_WMSS-LOGGER_LS1_PMMHB2-DMMHB2_RP5-R8_HOME_10_2140P0_4_142_0XFF_N
,RF_WMSS-LOGGER_LS1_PMMHB1-DMMHB1_RP6-R10_HOME_10_2140P0_4_142_0XFF_N
,RF_WMSS-LOGGER_LS1_PMHB1-DMHB1_RP6-R9_HOME_10_2140P0_4_142_0XFF_N
,RF_WMSS-LOGGER_LS2_PMHB3JB-DMHB3JB_RP3-R3_HOME_10_1960P0_4_242_0XFF_N
,RF_WMSS-LOGGER_LS2_PMMHB3-DMMHB3_RP3-R4_HOME_10_1960P0_4_242_0XFF_N
,RF_WMSS-LOGGER_LS2_PMHB2-DMHB2_RP4-R5_HOME_10_1960P0_4_142_0XFF_N
,RF_WMSS-LOGGER_LS2_PMHB3JB-DMHB3JB_RP4-R5_HOME_10_1960P0_4_142_0XFF_N
,RF_WMSS-LOGGER_LS2_PMMHB2-DMMHB2_RP4-R6_HOME_10_1960P0_4_142_0XFF_N
,RF_WMSS-LOGGER_LS2_PMMHB3-DMMHB3_RP4-R6_HOME_10_1960P0_4_142_0XFF_N
,RF_WMSS-LOGGER_LS2_PMHB2-DMHB2_RP5-R7_HOME_10_1960P0_4_142_0XFF_N
,RF_WMSS-LOGGER_LS2_PMMHB2-DMMHB2_RP5-R8_HOME_10_1960P0_4_142_0XFF_N
,RF_WMSS-LOGGER_LS2_PMMHB1-DMMHB1_RP6-R10_HOME_10_1960P0_4_142_0XFF_N
,RF_WMSS-LOGGER_LS2_PMHB1-DMHB1_RP6-R9_HOME_10_1960P0_4_142_0XFF_N
,RF_WMSS-LOGGER_LS3_PMHB3JB-DMHB3JB_RP3-R3_HOME_10_1842P5_4_242_0XFF_N
,RF_WMSS-LOGGER_LS3_PMMHB3-DMMHB3_RP3-R4_HOME_10_1842P5_4_242_0XFF_N
,RF_WMSS-LOGGER_LS3_PMHB2-DMHB2_RP4-R5_HOME_10_1842P5_4_142_0XFF_N
,RF_WMSS-LOGGER_LS3_PMHB3JB-DMHB3JB_RP4-R5_HOME_10_1842P5_4_142_0XFF_N
,RF_WMSS-LOGGER_LS3_PMMHB2-DMMHB2_RP4-R6_HOME_10_1842P5_4_142_0XFF_N
,RF_WMSS-LOGGER_LS3_PMMHB3-DMMHB3_RP4-R6_HOME_10_1842P5_4_142_0XFF_N
,RF_WMSS-LOGGER_LS3_PMHB2-DMHB2_RP5-R7_HOME_10_1842P5_4_142_0XFF_N
,RF_WMSS-LOGGER_LS3_PMMHB2-DMMHB2_RP5-R8_HOME_10_1842P5_4_142_0XFF_N
,RF_WMSS-LOGGER_LS3_PMMHB1-DMMHB1_RP6-R10_HOME_10_1842P5_4_142_0XFF_N
,RF_WMSS-LOGGER_LS3_PMHB1-DMHB1_RP6-R9_HOME_10_1842P5_4_142_0XFF_N
,RF_WMSS-LOGGER_LS7_PMHB3JB-DMHB3JB_RP3-R3_HOME_10_2655P0_4_242_0XFF_N
,RF_WMSS-LOGGER_LS7_PMMHB3-DMMHB3_RP3-R4_HOME_10_2655P0_4_242_0XFF_N
,RF_WMSS-LOGGER_LS7_PMHB2-DMHB2_RP4-R5_HOME_10_2655P0_4_142_0XFF_N
,RF_WMSS-LOGGER_LS7_PMHB3JB-DMHB3JB_RP4-R5_HOME_10_2655P0_4_142_0XFF_N
,RF_WMSS-LOGGER_LS7_PMMHB2-DMMHB2_RP4-R6_HOME_10_2655P0_4_142_0XFF_N
,RF_WMSS-LOGGER_LS7_PMMHB3-DMMHB3_RP4-R6_HOME_10_2655P0_4_142_0XFF_N
,RF_WMSS-LOGGER_LS7_PMHB2-DMHB2_RP5-R7_HOME_10_2655P0_4_142_0XFF_N
,RF_WMSS-LOGGER_LS7_PMMHB2-DMMHB2_RP5-R8_HOME_10_2655P0_4_142_0XFF_N
,RF_WMSS-LOGGER_LS7_PMMHB1-DMMHB1_RP6-R10_HOME_10_2655P0_4_142_0XFF_N
,RF_WMSS-LOGGER_LS7_PMHB1-DMHB1_RP6-R9_HOME_10_2655P0_4_142_0XFF_N
,RF_WMSS-LOGGER_LS1_PMHB3JB-DMHB3JB_RP3-R3_HOME_40_2140P0_4_242_0XFF_N
,RF_WMSS-LOGGER_LS1_PMMHB3-DMMHB3_RP3-R4_HOME_40_2140P0_4_242_0XFF_N
,RF_WMSS-LOGGER_LS1_PMHB2-DMHB2_RP4-R5_HOME_40_2140P0_4_142_0XFF_N
,RF_WMSS-LOGGER_LS1_PMHB3JB-DMHB3JB_RP4-R5_HOME_40_2140P0_4_142_0XFF_N
,RF_WMSS-LOGGER_LS1_PMMHB2-DMMHB2_RP4-R6_HOME_40_2140P0_4_142_0XFF_N
,RF_WMSS-LOGGER_LS1_PMMHB3-DMMHB3_RP4-R6_HOME_40_2140P0_4_142_0XFF_N
,RF_WMSS-LOGGER_LS1_PMHB2-DMHB2_RP5-R7_HOME_40_2140P0_4_142_0XFF_N
,RF_WMSS-LOGGER_LS1_PMMHB2-DMMHB2_RP5-R8_HOME_40_2140P0_4_142_0XFF_N
,RF_WMSS-LOGGER_LS1_PMMHB1-DMMHB1_RP6-R10_HOME_40_2140P0_4_142_0XFF_N
,RF_WMSS-LOGGER_LS1_PMHB1-DMHB1_RP6-R9_HOME_40_2140P0_4_142_0XFF_N
,RF_WMSS-LOGGER_LS2_PMHB3JB-DMHB3JB_RP3-R3_HOME_40_1960P0_4_242_0XFF_N
,RF_WMSS-LOGGER_LS2_PMMHB3-DMMHB3_RP3-R4_HOME_40_1960P0_4_242_0XFF_N
,RF_WMSS-LOGGER_LS2_PMHB2-DMHB2_RP4-R5_HOME_40_1960P0_4_142_0XFF_N
,RF_WMSS-LOGGER_LS2_PMHB3JB-DMHB3JB_RP4-R5_HOME_40_1960P0_4_142_0XFF_N
,RF_WMSS-LOGGER_LS2_PMMHB2-DMMHB2_RP4-R6_HOME_40_1960P0_4_142_0XFF_N
,RF_WMSS-LOGGER_LS2_PMMHB3-DMMHB3_RP4-R6_HOME_40_1960P0_4_142_0XFF_N
,RF_WMSS-LOGGER_LS2_PMHB2-DMHB2_RP5-R7_HOME_40_1960P0_4_142_0XFF_N
,RF_WMSS-LOGGER_LS2_PMMHB2-DMMHB2_RP5-R8_HOME_40_1960P0_4_142_0XFF_N
,RF_WMSS-LOGGER_LS2_PMMHB1-DMMHB1_RP6-R10_HOME_40_1960P0_4_142_0XFF_N
,RF_WMSS-LOGGER_LS2_PMHB1-DMHB1_RP6-R9_HOME_40_1960P0_4_142_0XFF_N
,RF_WMSS-LOGGER_LS3_PMHB3JB-DMHB3JB_RP3-R3_HOME_40_1842P5_4_242_0XFF_N
,RF_WMSS-LOGGER_LS3_PMMHB3-DMMHB3_RP3-R4_HOME_40_1842P5_4_242_0XFF_N
,RF_WMSS-LOGGER_LS3_PMHB2-DMHB2_RP4-R5_HOME_40_1842P5_4_142_0XFF_N
,RF_WMSS-LOGGER_LS3_PMHB3JB-DMHB3JB_RP4-R5_HOME_40_1842P5_4_142_0XFF_N
,RF_WMSS-LOGGER_LS3_PMMHB2-DMMHB2_RP4-R6_HOME_40_1842P5_4_142_0XFF_N
,RF_WMSS-LOGGER_LS3_PMMHB3-DMMHB3_RP4-R6_HOME_40_1842P5_4_142_0XFF_N
,RF_WMSS-LOGGER_LS3_PMHB2-DMHB2_RP5-R7_HOME_40_1842P5_4_142_0XFF_N
,RF_WMSS-LOGGER_LS3_PMMHB2-DMMHB2_RP5-R8_HOME_40_1842P5_4_142_0XFF_N
,RF_WMSS-LOGGER_LS3_PMMHB1-DMMHB1_RP6-R10_HOME_40_1842P5_4_142_0XFF_N
,RF_WMSS-LOGGER_LS3_PMHB1-DMHB1_RP6-R9_HOME_40_1842P5_4_142_0XFF_N
,RF_WMSS-LOGGER_LS7_PMHB3JB-DMHB3JB_RP3-R3_HOME_40_2655P0_4_242_0XFF_N
,RF_WMSS-LOGGER_LS7_PMMHB3-DMMHB3_RP3-R4_HOME_40_2655P0_4_242_0XFF_N
,RF_WMSS-LOGGER_LS7_PMHB2-DMHB2_RP4-R5_HOME_40_2655P0_4_142_0XFF_N
,RF_WMSS-LOGGER_LS7_PMHB3JB-DMHB3JB_RP4-R5_HOME_40_2655P0_4_142_0XFF_N
,RF_WMSS-LOGGER_LS7_PMMHB2-DMMHB2_RP4-R6_HOME_40_2655P0_4_142_0XFF_N
,RF_WMSS-LOGGER_LS7_PMMHB3-DMMHB3_RP4-R6_HOME_40_2655P0_4_142_0XFF_N
,RF_WMSS-LOGGER_LS7_PMHB2-DMHB2_RP5-R7_HOME_40_2655P0_4_142_0XFF_N
,RF_WMSS-LOGGER_LS7_PMMHB2-DMMHB2_RP5-R8_HOME_40_2655P0_4_142_0XFF_N
,RF_WMSS-LOGGER_LS7_PMMHB1-DMMHB1_RP6-R10_HOME_40_2655P0_4_142_0XFF_N
,RF_WMSS-LOGGER_LS7_PMHB1-DMHB1_RP6-R9_HOME_40_2655P0_4_142_0XFF_N
,RF_WMSS-LOGGER_LS41_PMHB3JB-DMHB3JB_RP3-R3_HOME_10_2593P0_4_242_0XFF_N
,RF_WMSS-LOGGER_LS41_PMMHB3-DMMHB3_RP3-R4_HOME_10_2593P0_4_242_0XFF_N
,RF_WMSS-LOGGER_LS41_PMHB2-DMHB2_RP4-R5_HOME_10_2593P0_4_142_0XFF_N
,RF_WMSS-LOGGER_LS41_PMHB3JB-DMHB3JB_RP4-R5_HOME_10_2593P0_4_142_0XFF_N
,RF_WMSS-LOGGER_LS41_PMMHB2-DMMHB2_RP4-R6_HOME_10_2593P0_4_142_0XFF_N
,RF_WMSS-LOGGER_LS41_PMMHB3-DMMHB3_RP4-R6_HOME_10_2593P0_4_142_0XFF_N
,RF_WMSS-LOGGER_LS41_PMHB2-DMHB2_RP5-R7_HOME_10_2593P0_4_142_0XFF_N
,RF_WMSS-LOGGER_LS41_PMMHB2-DMMHB2_RP5-R8_HOME_10_2593P0_4_142_0XFF_N
,RF_WMSS-LOGGER_LS41_PMMHB1-DMMHB1_RP6-R10_HOME_10_2593P0_4_142_0XFF_N
,RF_WMSS-LOGGER_LS41_PMHB1-DMHB1_RP6-R9_HOME_10_2593P0_4_142_0XFF_N
,RF_WMSS-LOGGER_LS41_PMHB3JB-DMHB3JB_RP3-R3_HOME_40_2593P0_4_242_0XFF_N
,RF_WMSS-LOGGER_LS41_PMMHB3-DMMHB3_RP3-R4_HOME_40_2593P0_4_242_0XFF_N
,RF_WMSS-LOGGER_LS41_PMHB2-DMHB2_RP4-R5_HOME_40_2593P0_4_142_0XFF_N
,RF_WMSS-LOGGER_LS41_PMHB3JB-DMHB3JB_RP4-R5_HOME_40_2593P0_4_142_0XFF_N
,RF_WMSS-LOGGER_LS41_PMMHB2-DMMHB2_RP4-R6_HOME_40_2593P0_4_142_0XFF_N
,RF_WMSS-LOGGER_LS41_PMMHB3-DMMHB3_RP4-R6_HOME_40_2593P0_4_142_0XFF_N
,RF_WMSS-LOGGER_LS41_PMHB2-DMHB2_RP5-R7_HOME_40_2593P0_4_142_0XFF_N
,RF_WMSS-LOGGER_LS41_PMMHB2-DMMHB2_RP5-R8_HOME_40_2593P0_4_142_0XFF_N
,RF_WMSS-LOGGER_LS41_PMMHB1-DMMHB1_RP6-R10_HOME_40_2593P0_4_142_0XFF_N
,RF_WMSS-LOGGER_LS41_PMHB1-DMHB1_RP6-R9_HOME_40_2593P0_4_142_0XFF_N
,RF_WMSS-LOGGER_LS41_PMHB3JB-DMHB3JB_RP3-R3_HOME_100_2593P0_4_242_0XFF_N
,RF_WMSS-LOGGER_LS41_PMMHB3-DMMHB3_RP3-R4_HOME_100_2593P0_4_242_0XFF_N
,RF_WMSS-LOGGER_LS41_PMHB2-DMHB2_RP4-R5_HOME_100_2593P0_4_142_0XFF_N
,RF_WMSS-LOGGER_LS41_PMHB3JB-DMHB3JB_RP4-R5_HOME_100_2593P0_4_142_0XFF_N
,RF_WMSS-LOGGER_LS41_PMMHB2-DMMHB2_RP4-R6_HOME_100_2593P0_4_142_0XFF_N
,RF_WMSS-LOGGER_LS41_PMMHB3-DMMHB3_RP4-R6_HOME_100_2593P0_4_142_0XFF_N
,RF_WMSS-LOGGER_LS41_PMHB2-DMHB2_RP5-R7_HOME_100_2593P0_4_142_0XFF_N
,RF_WMSS-LOGGER_LS41_PMMHB2-DMMHB2_RP5-R8_HOME_100_2593P0_4_142_0XFF_N
,RF_WMSS-LOGGER_LS41_PMMHB1-DMMHB1_RP6-R10_HOME_100_2593P0_4_142_0XFF_N
,RF_WMSS-LOGGER_LS41_PMHB1-DMHB1_RP6-R9_HOME_100_2593P0_4_142_0XFF_N
,RF_WMSS-LOGGER_LS77A_PUNA-DUNA_RP5-R7_HOME_100_3425P0_2_122_0XFF_N
,RF_WMSS-LOGGER_LS77D_PUNA-DUNA_RP5-R7_HOME_100_4075P0_2_122_0XFF_N
,RF_WMSS-LOGGER_LS79A_PNA-DNA_RP6-R9_HOME_100_4500P0_2_1122_0XFF_N
,RF_WMSS-LOGGER_LS79C_PNA-DNA_RP6-R9_HOME_100_4900P0_2_1122_0XFF_N
,RF_WMSS-LOGGER_LS77A_PUNA-DUNA_RP4-R5_HOME_10_3425P0_2_122_0XFF_N
,RF_WMSS-LOGGER_LS77A_PMUNA-DMUNA_RP4-R6_HOME_10_3425P0_2_122_0XFF_N
,RF_WMSS-LOGGER_LS77D_PUNA-DUNA_RP4-R5_HOME_10_4075P0_2_122_0XFF_N
,RF_WMSS-LOGGER_LS77D_PMUNA-DMUNA_RP4-R6_HOME_10_4075P0_2_122_0XFF_N
,RF_WMSS-LOGGER_LS79A_PUNA-DUNA_RP4-R5_HOME_10_4500P0_2_1122_0XFF_N
,RF_WMSS-LOGGER_LS79A_PMUNA-DMUNA_RP4-R6_HOME_10_4500P0_2_1122_0XFF_N
,RF_WMSS-LOGGER_LS79C_PUNA-DUNA_RP4-R5_HOME_10_4900P0_2_1122_0XFF_N
,RF_WMSS-LOGGER_LS79C_PMUNA-DMUNA_RP4-R6_HOME_10_4900P0_2_1122_0XFF_N
,RF_WMSS-LOGGER_LS77A_PUNA-DUNA_RP4-R5_HOME_40_3425P0_2_122_0XFF_N
,RF_WMSS-LOGGER_LS77A_PMUNA-DMUNA_RP4-R6_HOME_40_3425P0_2_122_0XFF_N
,RF_WMSS-LOGGER_LS77D_PUNA-DUNA_RP4-R5_HOME_40_4075P0_2_122_0XFF_N
,RF_WMSS-LOGGER_LS77D_PMUNA-DMUNA_RP4-R6_HOME_40_4075P0_2_122_0XFF_N
,RF_WMSS-LOGGER_LS79A_PUNA-DUNA_RP4-R5_HOME_40_4500P0_2_1122_0XFF_N
,RF_WMSS-LOGGER_LS79A_PMUNA-DMUNA_RP4-R6_HOME_40_4500P0_2_1122_0XFF_N
,RF_WMSS-LOGGER_LS79C_PUNA-DUNA_RP4-R5_HOME_40_4900P0_2_1122_0XFF_N
,RF_WMSS-LOGGER_LS79C_PMUNA-DMUNA_RP4-R6_HOME_40_4900P0_2_1122_0XFF_N
,RF_WMSS-LOGGER_LS77A_PUNA-DUNA_RP4-R5_HOME_100_3425P0_2_122_0XFF_N
,RF_WMSS-LOGGER_LS77A_PMUNA-DMUNA_RP4-R6_HOME_100_3425P0_2_122_0XFF_N
,RF_WMSS-LOGGER_LS77D_PUNA-DUNA_RP4-R5_HOME_100_4075P0_2_122_0XFF_N
,RF_WMSS-LOGGER_LS77D_PMUNA-DMUNA_RP4-R6_HOME_100_4075P0_2_122_0XFF_N
,RF_WMSS-LOGGER_LS79A_PUNA-DUNA_RP4-R5_HOME_100_4500P0_2_1122_0XFF_N
,RF_WMSS-LOGGER_LS79A_PMUNA-DMUNA_RP4-R6_HOME_100_4500P0_2_1122_0XFF_N
,RF_WMSS-LOGGER_LS79C_PUNA-DUNA_RP4-R5_HOME_100_4900P0_2_1122_0XFF_N
,RF_WMSS-LOGGER_LS79C_PMUNA-DMUNA_RP4-R6_HOME_100_4900P0_2_1122_0XFF_N
,RF_WMSS-LOGGER_LS77A_PNA-DNA_RP5-R7_HOME_10_3425P0_2_122_0XFF_N
,RF_WMSS-LOGGER_LS77A_PMNA-DMNA_RP5-R8_HOME_10_3425P0_2_122_0XFF_N
,RF_WMSS-LOGGER_LS77A_PMNA-DMNA_RP6-R10_HOME_10_3425P0_2_122_0XFF_N
,RF_WMSS-LOGGER_LS77A_PNA-DNA_RP6-R9_HOME_10_3425P0_2_122_0XFF_N
,RF_WMSS-LOGGER_LS77D_PNA-DNA_RP5-R7_HOME_10_4075P0_2_122_0XFF_N
,RF_WMSS-LOGGER_LS77D_PMNA-DMNA_RP5-R8_HOME_10_4075P0_2_122_0XFF_N
,RF_WMSS-LOGGER_LS77D_PMNA-DMNA_RP6-R10_HOME_10_4075P0_2_122_0XFF_N
,RF_WMSS-LOGGER_LS77D_PNA-DNA_RP6-R9_HOME_10_4075P0_2_122_0XFF_N
,RF_WMSS-LOGGER_LS77A_PNA-DNA_RP5-R7_HOME_40_3425P0_2_122_0XFF_N
,RF_WMSS-LOGGER_LS77A_PMNA-DMNA_RP5-R8_HOME_40_3425P0_2_122_0XFF_N
,RF_WMSS-LOGGER_LS77A_PMNA-DMNA_RP6-R10_HOME_40_3425P0_2_122_0XFF_N
,RF_WMSS-LOGGER_LS77A_PNA-DNA_RP6-R9_HOME_40_3425P0_2_122_0XFF_N
,RF_WMSS-LOGGER_LS77D_PNA-DNA_RP5-R7_HOME_40_4075P0_2_122_0XFF_N
,RF_WMSS-LOGGER_LS77D_PMNA-DMNA_RP5-R8_HOME_40_4075P0_2_122_0XFF_N
,RF_WMSS-LOGGER_LS77D_PMNA-DMNA_RP6-R10_HOME_40_4075P0_2_122_0XFF_N
,RF_WMSS-LOGGER_LS77D_PNA-DNA_RP6-R9_HOME_40_4075P0_2_122_0XFF_N
,RF_WMSS-LOGGER_LS77A_PNA-DNA_RP5-R7_HOME_100_3425P0_2_122_0XFF_N
,RF_WMSS-LOGGER_LS77A_PMNA-DMNA_RP5-R8_HOME_100_3425P0_2_122_0XFF_N
,RF_WMSS-LOGGER_LS77A_PMNA-DMNA_RP6-R10_HOME_100_3425P0_2_122_0XFF_N
,RF_WMSS-LOGGER_LS77A_PNA-DNA_RP6-R9_HOME_100_3425P0_2_122_0XFF_N
,RF_WMSS-LOGGER_LS77D_PNA-DNA_RP5-R7_HOME_100_4075P0_2_122_0XFF_N
,RF_WMSS-LOGGER_LS77D_PMNA-DMNA_RP5-R8_HOME_100_4075P0_2_122_0XFF_N
,RF_WMSS-LOGGER_LS77D_PMNA-DMNA_RP6-R10_HOME_100_4075P0_2_122_0XFF_N
,RF_WMSS-LOGGER_LS77D_PNA-DNA_RP6-R9_HOME_100_4075P0_2_122_0XFF_N
,RF_WMSS-LOGGER_LS77A_PUNA-DUNA_RP5-R7_HOME_10_3425P0_2_122_0XFF_N
,RF_WMSS-LOGGER_LS77A_PMUNA-DMUNA_RP5-R8_HOME_10_3425P0_2_122_0XFF_N
,RF_WMSS-LOGGER_LS77A_PMUNA-DMUNA_RP6-R10_HOME_10_3425P0_2_122_0XFF_N
,RF_WMSS-LOGGER_LS77A_PUNA-DUNA_RP6-R9_HOME_10_3425P0_2_122_0XFF_N
,RF_WMSS-LOGGER_LS77D_PUNA-DUNA_RP5-R7_HOME_10_4075P0_2_122_0XFF_N
,RF_WMSS-LOGGER_LS77D_PMUNA-DMUNA_RP5-R8_HOME_10_4075P0_2_122_0XFF_N
,RF_WMSS-LOGGER_LS77D_PMUNA-DMUNA_RP6-R10_HOME_10_4075P0_2_122_0XFF_N
,RF_WMSS-LOGGER_LS77D_PUNA-DUNA_RP6-R9_HOME_10_4075P0_2_122_0XFF_N
,RF_WMSS-LOGGER_LS79A_PNA-DNA_RP5-R7_HOME_10_4500P0_2_1122_0XFF_N
,RF_WMSS-LOGGER_LS79A_PUNA-DUNA_RP5-R7_HOME_10_4500P0_2_1122_0XFF_N
,RF_WMSS-LOGGER_LS79A_PMNA-DMNA_RP5-R8_HOME_10_4500P0_2_1122_0XFF_N
,RF_WMSS-LOGGER_LS79A_PMUNA-DMUNA_RP5-R8_HOME_10_4500P0_2_1122_0XFF_N
,RF_WMSS-LOGGER_LS79A_PMNA-DMNA_RP6-R10_HOME_10_4500P0_2_1122_0XFF_N
,RF_WMSS-LOGGER_LS79A_PMUNA-DMUNA_RP6-R10_HOME_10_4500P0_2_1122_0XFF_N
,RF_WMSS-LOGGER_LS79A_PNA-DNA_RP6-R9_HOME_10_4500P0_2_1122_0XFF_N
,RF_WMSS-LOGGER_LS79A_PUNA-DUNA_RP6-R9_HOME_10_4500P0_2_1122_0XFF_N
,RF_WMSS-LOGGER_LS79C_PNA-DNA_RP5-R7_HOME_10_4900P0_2_1122_0XFF_N
,RF_WMSS-LOGGER_LS79C_PUNA-DUNA_RP5-R7_HOME_10_4900P0_2_1122_0XFF_N
,RF_WMSS-LOGGER_LS79C_PMNA-DMNA_RP5-R8_HOME_10_4900P0_2_1122_0XFF_N
,RF_WMSS-LOGGER_LS79C_PMUNA-DMUNA_RP5-R8_HOME_10_4900P0_2_1122_0XFF_N
,RF_WMSS-LOGGER_LS79C_PMNA-DMNA_RP6-R10_HOME_10_4900P0_2_1122_0XFF_N
,RF_WMSS-LOGGER_LS79C_PMUNA-DMUNA_RP6-R10_HOME_10_4900P0_2_1122_0XFF_N
,RF_WMSS-LOGGER_LS79C_PNA-DNA_RP6-R9_HOME_10_4900P0_2_1122_0XFF_N
,RF_WMSS-LOGGER_LS79C_PUNA-DUNA_RP6-R9_HOME_10_4900P0_2_1122_0XFF_N
,RF_WMSS-LOGGER_LS77A_PUNA-DUNA_RP5-R7_HOME_40_3425P0_2_122_0XFF_N
,RF_WMSS-LOGGER_LS77A_PMUNA-DMUNA_RP5-R8_HOME_40_3425P0_2_122_0XFF_N
,RF_WMSS-LOGGER_LS77A_PMUNA-DMUNA_RP6-R10_HOME_40_3425P0_2_122_0XFF_N
,RF_WMSS-LOGGER_LS77A_PUNA-DUNA_RP6-R9_HOME_40_3425P0_2_122_0XFF_N
,RF_WMSS-LOGGER_LS77D_PUNA-DUNA_RP5-R7_HOME_40_4075P0_2_122_0XFF_N
,RF_WMSS-LOGGER_LS77D_PMUNA-DMUNA_RP5-R8_HOME_40_4075P0_2_122_0XFF_N
,RF_WMSS-LOGGER_LS77D_PMUNA-DMUNA_RP6-R10_HOME_40_4075P0_2_122_0XFF_N
,RF_WMSS-LOGGER_LS77D_PUNA-DUNA_RP6-R9_HOME_40_4075P0_2_122_0XFF_N
,RF_WMSS-LOGGER_LS79A_PNA-DNA_RP5-R7_HOME_40_4500P0_2_1122_0XFF_N
,RF_WMSS-LOGGER_LS79A_PUNA-DUNA_RP5-R7_HOME_40_4500P0_2_1122_0XFF_N
,RF_WMSS-LOGGER_LS79A_PMNA-DMNA_RP5-R8_HOME_40_4500P0_2_1122_0XFF_N
,RF_WMSS-LOGGER_LS79A_PMUNA-DMUNA_RP5-R8_HOME_40_4500P0_2_1122_0XFF_N
,RF_WMSS-LOGGER_LS79A_PMNA-DMNA_RP6-R10_HOME_40_4500P0_2_1122_0XFF_N
,RF_WMSS-LOGGER_LS79A_PMUNA-DMUNA_RP6-R10_HOME_40_4500P0_2_1122_0XFF_N
,RF_WMSS-LOGGER_LS79A_PNA-DNA_RP6-R9_HOME_40_4500P0_2_1122_0XFF_N
,RF_WMSS-LOGGER_LS79A_PUNA-DUNA_RP6-R9_HOME_40_4500P0_2_1122_0XFF_N
,RF_WMSS-LOGGER_LS79C_PNA-DNA_RP5-R7_HOME_40_4900P0_2_1122_0XFF_N
,RF_WMSS-LOGGER_LS79C_PUNA-DUNA_RP5-R7_HOME_40_4900P0_2_1122_0XFF_N
,RF_WMSS-LOGGER_LS79C_PMNA-DMNA_RP5-R8_HOME_40_4900P0_2_1122_0XFF_N
,RF_WMSS-LOGGER_LS79C_PMUNA-DMUNA_RP5-R8_HOME_40_4900P0_2_1122_0XFF_N
,RF_WMSS-LOGGER_LS79C_PMNA-DMNA_RP6-R10_HOME_40_4900P0_2_1122_0XFF_N
,RF_WMSS-LOGGER_LS79C_PMUNA-DMUNA_RP6-R10_HOME_40_4900P0_2_1122_0XFF_N
,RF_WMSS-LOGGER_LS79C_PNA-DNA_RP6-R9_HOME_40_4900P0_2_1122_0XFF_N
,RF_WMSS-LOGGER_LS79C_PUNA-DUNA_RP6-R9_HOME_40_4900P0_2_1122_0XFF_N
,RF_WMSS-LOGGER_LS77A_PMUNA-DMUNA_RP5-R8_HOME_100_3425P0_2_122_0XFF_N
,RF_WMSS-LOGGER_LS77A_PMUNA-DMUNA_RP6-R10_HOME_100_3425P0_2_122_0XFF_N
,RF_WMSS-LOGGER_LS77A_PUNA-DUNA_RP6-R9_HOME_100_3425P0_2_122_0XFF_N
,RF_WMSS-LOGGER_LS77D_PMUNA-DMUNA_RP5-R8_HOME_100_4075P0_2_122_0XFF_N
,RF_WMSS-LOGGER_LS77D_PMUNA-DMUNA_RP6-R10_HOME_100_4075P0_2_122_0XFF_N
,RF_WMSS-LOGGER_LS77D_PUNA-DUNA_RP6-R9_HOME_100_4075P0_2_122_0XFF_N
,RF_WMSS-LOGGER_LS79A_PNA-DNA_RP5-R7_HOME_100_4500P0_2_1122_0XFF_N
,RF_WMSS-LOGGER_LS79A_PUNA-DUNA_RP5-R7_HOME_100_4500P0_2_1122_0XFF_N
,RF_WMSS-LOGGER_LS79A_PMNA-DMNA_RP5-R8_HOME_100_4500P0_2_1122_0XFF_N
,RF_WMSS-LOGGER_LS79A_PMUNA-DMUNA_RP5-R8_HOME_100_4500P0_2_1122_0XFF_N
,RF_WMSS-LOGGER_LS79A_PMNA-DMNA_RP6-R10_HOME_100_4500P0_2_1122_0XFF_N
,RF_WMSS-LOGGER_LS79A_PMUNA-DMUNA_RP6-R10_HOME_100_4500P0_2_1122_0XFF_N
,RF_WMSS-LOGGER_LS79A_PUNA-DUNA_RP6-R9_HOME_100_4500P0_2_1122_0XFF_N
,RF_WMSS-LOGGER_LS79C_PNA-DNA_RP5-R7_HOME_100_4900P0_2_1122_0XFF_N
,RF_WMSS-LOGGER_LS79C_PUNA-DUNA_RP5-R7_HOME_100_4900P0_2_1122_0XFF_N
,RF_WMSS-LOGGER_LS79C_PMNA-DMNA_RP5-R8_HOME_100_4900P0_2_1122_0XFF_N
,RF_WMSS-LOGGER_LS79C_PMUNA-DMUNA_RP5-R8_HOME_100_4900P0_2_1122_0XFF_N
,RF_WMSS-LOGGER_LS79C_PMNA-DMNA_RP6-R10_HOME_100_4900P0_2_1122_0XFF_N
,RF_WMSS-LOGGER_LS79C_PMUNA-DMUNA_RP6-R10_HOME_100_4900P0_2_1122_0XFF_N
,RF_WMSS-LOGGER_LS79C_PUNA-DUNA_RP6-R9_HOME_100_4900P0_2_1122_0XFF_N
,RF_WMSS-LOGGER_LS3_PMHB4-DMHB4_RP1-R1_HOME_10_1842P5_4_242_0XFF_N
,RF_WMSS-LOGGER_LS3_PMMHB4-DMMHB4_RP0-R0_HOME_10_1842P5_4_242_0XFF_N
,RF_WMSS-LOGGER_LS7_PMHB4-DMHB4_RP1-R1_HOME_10_2655P0_4_242_0XFF_N
,RF_WMSS-LOGGER_LS7_PMMHB4-DMMHB4_RP0-R0_HOME_10_2655P0_4_242_0XFF_N
,RF_WMSS-LOGGER_LS71_PLB2MLB-DLB2MLB_RP2-R2_HOME_10_634P5_8_182_0XFF_N
,RF_WMSS-LOGGER_LS71_PLB2MLB-DLB2MLB_RP2-R2_HOME_20_634P5_8_182_0XFF_N
,RF_WMSS-LOGGER_LS3_PMHB4-DMHB4_RP1-R1_HOME_60_1842P5_4_242_0XFF_N
,RF_WMSS-LOGGER_LS40_PMHB4-DMHB4_RP1-R1_HOME_40_2350P0_4_242_0XFF_N
,RF_WMSS-LOGGER_LS40_PMHB4-DMHB4_RP1-R1_HOME_60_2350P0_4_242_0XFF_N
,RF_WMSS-LOGGER_LS40_PMHB4-DMHB4_RP1-R1_HOME_100_2350P0_4_242_0XFF_N
,RF_WMSS-LOGGER_LS1_PMHB4-DMHB4_RP1-R1_HOME_10_2140P0_4_242_0XFF_N
,RF_WMSS-LOGGER_LS1_PMHB4-DMHB4_RP1-R1_HOME_40_2140P0_4_242_0XFF_N
,RF_WMSS-LOGGER_LS2_PMHB4-DMHB4_RP1-R1_HOME_10_1960P0_4_242_0XFF_N
,RF_WMSS-LOGGER_LS2_PMHB4-DMHB4_RP1-R1_HOME_40_1960P0_4_242_0XFF_N
,RF_WMSS-LOGGER_LS3_PMHB4-DMHB4_RP1-R1_HOME_40_1842P5_4_242_0XFF_N
,RF_WMSS-LOGGER_LS41_PMHB4-DMHB4_RP1-R1_HOME_100_2593P0_4_242_0XFF_N
,RF_WMSS-LOGGER_LS41_PMHB4-DMHB4_RP1-R1_HOME_10_2593P0_4_242_0XFF_N
,RF_WMSS-LOGGER_LS41_PMHB4-DMHB4_RP1-R1_HOME_40_2593P0_4_242_0XFF_N
,RF_WMSS-LOGGER_LS7_PMHB4-DMHB4_RP1-R1_HOME_40_2655P0_4_242_0XFF_N
,RF_WMSS-LOGGER_LS1_PMMHB4-DMMHB4_RP0-R0_HOME_10_2140P0_4_242_0XFF_N
,RF_WMSS-LOGGER_LS1_PMMHB4-DMMHB4_RP0-R0_HOME_40_2140P0_4_242_0XFF_N
,RF_WMSS-LOGGER_LS2_PMMHB4-DMMHB4_RP0-R0_HOME_10_1960P0_4_242_0XFF_N
,RF_WMSS-LOGGER_LS2_PMMHB4-DMMHB4_RP0-R0_HOME_40_1960P0_4_242_0XFF_N
,RF_WMSS-LOGGER_LS3_PMMHB4-DMMHB4_RP0-R0_HOME_40_1842P5_4_242_0XFF_N
,RF_WMSS-LOGGER_LS41_PMMHB4-DMMHB4_RP0-R0_HOME_100_2593P0_4_242_0XFF_N
,RF_WMSS-LOGGER_LS41_PMMHB4-DMMHB4_RP0-R0_HOME_10_2593P0_4_242_0XFF_N
,RF_WMSS-LOGGER_LS41_PMMHB4-DMMHB4_RP0-R0_HOME_40_2593P0_4_242_0XFF_N
,RF_WMSS-LOGGER_LS7_PMMHB4-DMMHB4_RP0-R0_HOME_40_2655P0_4_242_0XFF_N
,RF_WMSS-LOGGER_LS28_PLB2MLB-DLB2MLB_RP2-R2_HOME_10_780P5_8_182_0XFF_N
,RF_WMSS-LOGGER_LS5_PLB2MLB-DLB2MLB_RP2-R2_HOME_10_881P5_4_142_0XFF_N
,RF_WMSS-LOGGER_LS28_PLB2MLB-DLB2MLB_RP2-R2_HOME_20_780P5_8_182_0XFF_N
,RF_WMSS-LOGGER_LS5_PLB2MLB-DLB2MLB_RP2-R2_HOME_20_881P5_4_142_0XFF_N
,RF_WMSS-LOGGER_LS28_PLB1-DLB1_RP3-R3_HOME_10_780P5_8_182_0XFF_N
,RF_WMSS-LOGGER_LS28_PLB2MLB-DLB2MLB_RP3-R3_HOME_10_780P5_8_182_0XFF_N
,RF_WMSS-LOGGER_LS28_PLB1-DLB1_RP3-R4_HOME_10_780P5_8_182_0XFF_N
,RF_WMSS-LOGGER_LS5_PLB1-DLB1_RP3-R3_HOME_10_881P5_4_142_0XFF_N
,RF_WMSS-LOGGER_LS5_PLB2MLB-DLB2MLB_RP3-R3_HOME_10_881P5_4_142_0XFF_N
,RF_WMSS-LOGGER_LS5_PLB1-DLB1_RP3-R4_HOME_10_881P5_4_142_0XFF_N
,RF_WMSS-LOGGER_LS5_PLB1-DLB1_RP4-R5_HOME_10_881P5_4_242_0XFF_N
,RF_WMSS-LOGGER_LS28_PLB1-DLB1_RP3-R3_HOME_20_780P5_8_182_0XFF_N
,RF_WMSS-LOGGER_LS28_PLB2MLB-DLB2MLB_RP3-R3_HOME_20_780P5_8_182_0XFF_N
,RF_WMSS-LOGGER_LS28_PLB1-DLB1_RP3-R4_HOME_20_780P5_8_182_0XFF_N
,RF_WMSS-LOGGER_LS5_PLB1-DLB1_RP3-R3_HOME_20_881P5_4_142_0XFF_N
,RF_WMSS-LOGGER_LS5_PLB2MLB-DLB2MLB_RP3-R3_HOME_20_881P5_4_142_0XFF_N
,RF_WMSS-LOGGER_LS5_PLB1-DLB1_RP3-R4_HOME_20_881P5_4_142_0XFF_N
,RF_WMSS-LOGGER_LS5_PLB1-DLB1_RP4-R5_HOME_20_881P5_4_242_0XFF_N
,RF_WMSS-LOGGER_LS0_PMHB2-DMHB2_RP4-R5_HOME_5_2491P8_4_142_0XFF_N
,RF_WMSS-LOGGER_LS0_PMHB3JB-DMHB3JB_RP3-R3_HOME_5_2491P8_4_242_0XFF_N
,RF_WMSS-LOGGER_LS1_PMHB1-DMHB1-PMMHB1-DMMHB1_RP6-R9-R10_HOME_10_2140P0_4_142_0XFF_N
,RF_WMSS-LOGGER_LS1_PMHB1-DMHB1-PMMHB1-DMMHB1_RP6-R9-R10_HOME_40_2140P0_4_142_0XFF_N
,RF_WMSS-LOGGER_LS1_PMHB2-DMHB2-PMMHB2-DMMHB2_RP4-R5-R6_HOME_10_2140P0_4_142_0XFF_N
,RF_WMSS-LOGGER_LS1_PMHB2-DMHB2-PMMHB2-DMMHB2_RP4-R5-R6_HOME_40_2140P0_4_142_0XFF_N
,RF_WMSS-LOGGER_LS1_PMHB2-DMHB2-PMMHB2-DMMHB2_RP5-R7-R8_HOME_10_2140P0_4_142_0XFF_N
,RF_WMSS-LOGGER_LS1_PMHB2-DMHB2-PMMHB2-DMMHB2_RP5-R7-R8_HOME_40_2140P0_4_142_0XFF_N
,RF_WMSS-LOGGER_LS1_PMHB3JB-DMHB3JB-PMMHB3-DMMHB3_RP3-R3-R4_HOME_10_2140P0_4_242_0XFF_N
,RF_WMSS-LOGGER_LS1_PMHB3JB-DMHB3JB-PMMHB3-DMMHB3_RP3-R3-R4_HOME_40_2140P0_4_242_0XFF_N
,RF_WMSS-LOGGER_LS1_PMHB3JB-DMHB3JB-PMMHB3-DMMHB3_RP4-R5-R6_HOME_10_2140P0_4_142_0XFF_N
,RF_WMSS-LOGGER_LS1_PMHB3JB-DMHB3JB-PMMHB3-DMMHB3_RP4-R5-R6_HOME_40_2140P0_4_142_0XFF_N
,RF_WMSS-LOGGER_LS1-LS1_PMHB2-DMHB2-PMMHB2-DMMHB2_RP4-R5SCA1-R6SCA1_HOME_10_2115P0_2_222_0XFF_RP5-R7SCA1-R8SCA1_HOME_10_2165P0_4_142_N
,RF_WMSS-LOGGER_LS1-LS1_PMHB2-DMHB2-PMMHB2-DMMHB2_RP4-R5SCA1-R6SCA1_HOME_20_2120P0_4_142_0XFF_RP5-R7SCA1-R8SCA1_HOME_20_2160P0_2_222_N
,RF_WMSS-LOGGER_LS1-LS1_PMHB3JB-DMHB3JB-PMMHB3-DMMHB3_RP3-R3SCA1-R4SCA1_HOME_10_2120P0_2_122_0XFF_RP4-R5SCA1-R6SCA1_HOME_10_2140P0_4_142_N
,RF_WMSS-LOGGER_LS1-LS1_PMHB3JB-DMHB3JB-PMMHB3-DMMHB3_RP3-R3SCA1-R4SCA1_HOME_20_2120P0_4_242_0XFF_RP4-R5SCA1-R6SCA1_HOME_20_2160P0_4_142_N
,RF_WMSS-LOGGER_LS2-LS2_PMHB2-DMHB2_RP4-R5SCA1_HOME_10_1945P0_4_142_0XFF_RP5-R7SCA1_HOME_10_1960P0_4_142_N
,RF_WMSS-LOGGER_LS2-LS2_PMHB2-DMHB2-PMMHB2-DMMHB2_RP4-R5SCA1-R6SCA1_HOME_10_1945P0_4_142_0XFF_RP5-R7SCA1-R8SCA1_HOME_10_1960P0_4_142_N
,RF_WMSS-LOGGER_LS2-LS2_PMHB3JB-DMHB3JB_RP3-R3SCA1_HOME_10_1945P0_4_242_0XFF_RP4-R5SCA1_HOME_10_1960P0_4_142_N
,RF_WMSS-LOGGER_LS2-LS2_PMHB3JB-DMHB3JB-PMMHB3-DMMHB3_RP3-R3SCA1-R4SCA1_HOME_10_1945P0_4_242_0XFF_RP4-R5SCA1-R6SCA1_HOME_10_1960P0_4_142_N
,RF_WMSS-LOGGER_LS3_PMHB1-DMHB1-PMMHB1-DMMHB1_RP6-R9-R10_HOME_10_1842P5_4_142_0XFF_N
,RF_WMSS-LOGGER_LS3_PMHB1-DMHB1-PMMHB1-DMMHB1_RP6-R9-R10_HOME_40_1842P5_4_142_0XFF_N
,RF_WMSS-LOGGER_LS3_PMHB2-DMHB2-PMMHB2-DMMHB2_RP4-R5-R6_HOME_10_1842P5_4_142_0XFF_N
,RF_WMSS-LOGGER_LS3_PMHB2-DMHB2-PMMHB2-DMMHB2_RP4-R5-R6_HOME_40_1842P5_4_142_0XFF_N
,RF_WMSS-LOGGER_LS3_PMHB2-DMHB2-PMMHB2-DMMHB2_RP5-R7-R8_HOME_10_1842P5_4_142_0XFF_N
,RF_WMSS-LOGGER_LS3_PMHB2-DMHB2-PMMHB2-DMMHB2_RP5-R7-R8_HOME_40_1842P5_4_142_0XFF_N
,RF_WMSS-LOGGER_LS3_PMHB3JB-DMHB3JB-PMMHB3-DMMHB3_RP3-R3-R4_HOME_10_1842P5_4_242_0XFF_N
,RF_WMSS-LOGGER_LS3_PMHB3JB-DMHB3JB-PMMHB3-DMMHB3_RP3-R3-R4_HOME_40_1842P5_4_242_0XFF_N
,RF_WMSS-LOGGER_LS3_PMHB3JB-DMHB3JB-PMMHB3-DMMHB3_RP4-R5-R6_HOME_10_1842P5_4_142_0XFF_N
,RF_WMSS-LOGGER_LS3_PMHB3JB-DMHB3JB-PMMHB3-DMMHB3_RP4-R5-R6_HOME_40_1842P5_4_142_0XFF_N
,RF_WMSS-LOGGER_LS32_PMHB2-DMHB2_RP4-R5_HOME_10_1474P0_6_162_0XFF_N
,RF_WMSS-LOGGER_LS32_PMHB2-DMHB2_RP4-R5_HOME_20_1474P0_6_162_0XFF_N
,RF_WMSS-LOGGER_LS32_PMHB3JB-DMHB3JB-PMMHB3-DMMHB3_RP3-R3-R4_HOME_10_1474P0_4_142_0XFF_N
,RF_WMSS-LOGGER_LS32_PMHB3JB-DMHB3JB-PMMHB3-DMMHB3_RP3-R3-R4_HOME_20_1474P0_4_142_0XFF_N
,RF_WMSS-LOGGER_LS32_PMMHB2-DMMHB2_RP4-R6_HOME_10_1474P0_6_162_0XFF_N
,RF_WMSS-LOGGER_LS32_PMMHB2-DMMHB2_RP4-R6_HOME_20_1474P0_6_162_0XFF_N
,RF_WMSS-LOGGER_LS3-LS3_PMHB2-DMHB2_RP4-R5SCA1_HOME_10_1825P0_4_142_0XFF_RP5-R7SCA1_HOME_10_1860P0_4_142_N
,RF_WMSS-LOGGER_LS3-LS3_PMHB2-DMHB2-PMMHB2-DMMHB2_RP4-R5SCA1-R6SCA1_HOME_10_1825P0_4_142_0XFF_RP5-R7SCA1-R8SCA1_HOME_10_1860P0_4_142_N
,RF_WMSS-LOGGER_LS3-LS3_PMHB3JB-DMHB3JB_RP3-R3SCA1_HOME_10_1825P0_4_242_0XFF_RP4-R5SCA1_HOME_10_1860P0_4_142_N
,RF_WMSS-LOGGER_LS3-LS3_PMHB3JB-DMHB3JB-PMMHB3-DMMHB3_RP3-R3SCA1-R4SCA1_HOME_10_1825P0_4_242_0XFF_RP4-R5SCA1-R6SCA1_HOME_10_1860P0_4_142_N
,RF_WMSS-LOGGER_LS40_PMHB1-DMHB1-PMMHB1-DMMHB1_RP6-R9-R10_HOME_100_2350P0_4_142_0XFF_N
,RF_WMSS-LOGGER_LS40_PMHB1-DMHB1-PMMHB1-DMMHB1_RP6-R9-R10_HOME_40_2350P0_4_142_0XFF_N
,RF_WMSS-LOGGER_LS40_PMHB2-DMHB2-PMMHB2-DMMHB2_RP4-R5-R6_HOME_100_2350P0_4_142_0XFF_N
,RF_WMSS-LOGGER_LS40_PMHB2-DMHB2-PMMHB2-DMMHB2_RP4-R5-R6_HOME_40_2350P0_4_142_0XFF_N
,RF_WMSS-LOGGER_LS40_PMHB2-DMHB2-PMMHB2-DMMHB2_RP5-R7-R8_HOME_100_2350P0_4_142_0XFF_N
,RF_WMSS-LOGGER_LS40_PMHB2-DMHB2-PMMHB2-DMMHB2_RP5-R7-R8_HOME_40_2350P0_4_142_0XFF_N
,RF_WMSS-LOGGER_LS40_PMHB3JB-DMHB3JB-PMMHB3-DMMHB3_RP3-R3-R4_HOME_100_2350P0_4_242_0XFF_N
,RF_WMSS-LOGGER_LS40_PMHB3JB-DMHB3JB-PMMHB3-DMMHB3_RP3-R3-R4_HOME_40_2350P0_4_242_0XFF_N
,RF_WMSS-LOGGER_LS40_PMHB3JB-DMHB3JB-PMMHB3-DMMHB3_RP4-R5-R6_HOME_100_2350P0_4_142_0XFF_N
,RF_WMSS-LOGGER_LS40_PMHB3JB-DMHB3JB-PMMHB3-DMMHB3_RP4-R5-R6_HOME_40_2350P0_4_142_0XFF_N
,RF_WMSS-LOGGER_LS7_PMHB1-DMHB1-PMMHB1-DMMHB1_RP6-R9-R10_HOME_10_2655P0_4_142_0XFF_N
,RF_WMSS-LOGGER_LS7_PMHB1-DMHB1-PMMHB1-DMMHB1_RP6-R9-R10_HOME_40_2655P0_4_142_0XFF_N
,RF_WMSS-LOGGER_LS7_PMHB2-DMHB2-PMMHB2-DMMHB2_RP4-R5-R6_HOME_10_2655P0_4_142_0XFF_N
,RF_WMSS-LOGGER_LS7_PMHB2-DMHB2-PMMHB2-DMMHB2_RP4-R5-R6_HOME_40_2655P0_4_142_0XFF_N
,RF_WMSS-LOGGER_LS7_PMHB2-DMHB2-PMMHB2-DMMHB2_RP5-R7-R8_HOME_10_2655P0_4_142_0XFF_N
,RF_WMSS-LOGGER_LS7_PMHB2-DMHB2-PMMHB2-DMMHB2_RP5-R7-R8_HOME_40_2655P0_4_142_0XFF_N
,RF_WMSS-LOGGER_LS7_PMHB3JB-DMHB3JB-PMMHB3-DMMHB3_RP3-R3-R4_HOME_10_2655P0_4_242_0XFF_N
,RF_WMSS-LOGGER_LS7_PMHB3JB-DMHB3JB-PMMHB3-DMMHB3_RP3-R3-R4_HOME_40_2655P0_4_242_0XFF_N
,RF_WMSS-LOGGER_LS7_PMHB3JB-DMHB3JB-PMMHB3-DMMHB3_RP4-R5-R6_HOME_10_2655P0_4_142_0XFF_N
,RF_WMSS-LOGGER_LS7_PMHB3JB-DMHB3JB-PMMHB3-DMMHB3_RP4-R5-R6_HOME_40_2655P0_4_142_0XFF_N
,RF_WMSS-LOGGER_LS7-LS7_PMHB2-DMHB2-PMMHB2-DMMHB2_RP4-R5SCA1-R6SCA1_HOME_10_2640P0_4_142_0XFF_RP5-R7SCA1-R8SCA1_HOME_10_2670P0_4_142_N
,RF_WMSS-LOGGER_LS7-LS7_PMHB3JB-DMHB3JB-PMMHB3-DMMHB3_RP3-R3SCA1-R4SCA1_HOME_10_2640P0_4_242_0XFF_RP4-R5SCA1-R6SCA1_HOME_10_2670P0_4_142_N
,RF_WMSS-LOGGER_LS12_PLB1-DLB1_RP3-R4_HOME_10_737P5_8_182_0XFF_N
,RF_WMSS-LOGGER_LS12_PLB1-DLB1_RP3-R4_HOME_15_737P5_8_182_0XFF_N
,RF_WMSS-LOGGER_LS12_PLB2MLB-DLB2MLB_RP2-R2_HOME_10_737P5_8_182_0XFF_N
,RF_WMSS-LOGGER_LS20_PLB1-DLB1_RP3-R4_HOME_10_806P0_8_183_0XFF_N
,RF_WMSS-LOGGER_LS20_PLB2MLB-DLB2MLB_RP2-R2_HOME_10_791P0_8_182_0XFF_N
,RF_WMSS-LOGGER_LS20_PLB2MLB-DLB2MLB_RP2-R2_HOME_10_806P0_8_183_0XFF_N
,RF_WMSS-LOGGER_LS20-LS20_PLB1-DLB1_RP3-R3SCA1_HOME_20_801P0_8_182_0XFF_RP4-R5SCA1_HOME_20_811P0_6_262_N
,RF_WMSS-LOGGER_LS20-LS20_PLB2MLB-DLB2MLB_RP2-R2SCA1_HOME_10_796P0_8_182_0XFF_RP3-R3SCA1_HOME_10_816P0_8_183_N
,RF_WMSS-LOGGER_LS20-LS20_PLB2MLB-DLB2MLB_RP2-R2SCA1_HOME_20_801P0_8_182_0XFF_RP3-R3SCA1_HOME_20_811P0_8_182_N
,RF_WMSS-LOGGER_LS3_PMHB4-DMHB4_RP1-R1_HOME_10_1842P5_4_242_0XFF_N
,RF_WMSS-LOGGER_LS3_PMMHB4-DMMHB4_RP0-R0_HOME_10_1842P5_4_242_0XFF_N
,RF_WMSS-LOGGER_LS7_PMHB4-DMHB4_RP1-R1_HOME_10_2655P0_4_242_0XFF_N
,RF_WMSS-LOGGER_LS7_PMMHB4-DMMHB4_RP0-R0_HOME_10_2655P0_4_242_0XFF_N
,RF_WMSS-LOGGER_LS71_PLB1-DLB1_RP3-R3_HOME_10_634P5_8_182_0XFF_N
,RF_WMSS-LOGGER_LS71_PLB1-DLB1_RP3-R4_HOME_10_634P5_8_182_0XFF_N
,RF_WMSS-LOGGER_LS71_PLB1-DLB1_RP3-R4_HOME_20_634P5_8_182_0XFF_N
,RF_WMSS-LOGGER_LS71_PLB1-DLB1_RP3-R4_HOME_40_634P5_8_182_0XFF_N
,RF_WMSS-LOGGER_LS71_PLB2MLB-DLB2MLB_RP2-R2_HOME_10_634P5_8_182_0XFF_N
,RF_WMSS-LOGGER_LS71_PLB2MLB-DLB2MLB_RP2-R2_HOME_20_634P5_8_182_0XFF_N
,RF_WMSS-LOGGER_LS71_PLB2MLB-DLB2MLB_RP2-R2_HOME_40_634P5_8_182_0XFF_N
,RF_WMSS-LOGGER_LS71-LS71_PLB1-DLB1_RP3-R3SCA1_HOME_10_622P0_6_162_0XFF_RP4-R5SCA1_HOME_10_647P0_6_262_N
,RF_WMSS-LOGGER_LS71-LS71_PLB2MLB-DLB2MLB_RP2-R2SCA1_HOME_10_622P0_6_162_0XFF_RP3-R3SCA1_HOME_10_647P0_6_162_N
,RF_WMSS-LOGGER_LS71-LS71_PLB2MLB-DLB2MLB_RP2-R2SCA1_HOME_10_622P0_8_182_0XFF_RP3-R3SCA1_HOME_10_647P0_8_182_N
,RF_WMSS-LOGGER_LS71-LS71_PLB2MLB-DLB2MLB_RP2-R2SCA1_HOME_10_629P0_8_182_0XFF_RP3-R3SCA1_HOME_10_647P0_8_182_N
,RF_WMSS-LOGGER_LS71-LS71_PLB2MLB-DLB2MLB_RP2-R2SCA1_HOME_20_627P0_8_182_0XFF_RP3-R3SCA1_HOME_20_642P0_8_182_N
,RF_WMSS-LOGGER_LS8_PLB1-DLB1_RP3-R3_HOME_10_960P0_4_143_0XFF_N
,RF_WMSS-LOGGER_LS8_PLB1-DLB1_RP3-R4_HOME_10_942P5_4_142_0XFF_N
,RF_WMSS-LOGGER_LS8_PLB1-DLB1_RP3-R4_HOME_20_942P5_4_142_0XFF_N
,RF_WMSS-LOGGER_LS8_PLB2MLB-DLB2MLB_RP2-R2_HOME_10_960P0_4_143_0XFF_N
,RF_WMSS-LOGGER_LS8-LS8_PLB1-DLB1_RP3-R3SCA1_HOME_10_930P0_4_142_0XFF_RP4-R5SCA1_HOME_10_955P0_4_242_N
,RF_WMSS-LOGGER_LS8-LS8_PLB2MLB-DLB2MLB_RP2-R2SCA1_HOME_10_930P0_4_142_0XFF_RP3-R3SCA1_HOME_10_955P0_4_142_N
,RF_WMSS-LOGGER_LS46A_PMNRULAA-DMNRULAA_RP2-R2_HOME_100_5200P0_2_1222_0XFF_N
,RF_WMSS-LOGGER_LS46A_PMNRULAA-DMNRULAA_RP2-R2_HOME_20_5200P0_2_1222_0XFF_N
,RF_WMSS-LOGGER_LS46A_PMNRULAA-DMNRULAA_RP2-R2_HOME_80_5200P0_2_1222_0XFF_N
,RF_WMSS-LOGGER_LS46A_PNRULAA-DNRULAA_RP3-R3_HOME_100_5200P0_2_1222_0XFF_N
,RF_WMSS-LOGGER_LS46A_PNRULAA-DNRULAA_RP3-R3_HOME_20_5200P0_2_1222_0XFF_N
,RF_WMSS-LOGGER_LS46A_PNRULAA-DNRULAA_RP3-R3_HOME_80_5200P0_2_1222_0XFF_N
,RF_WMSS-LOGGER_LS46A-LS46A_PNRULAA-DNRULAA_RP2-R2SCA1_HOME_20_5160P0_2_1222_0XFF_RP3-R3SCA1_HOME_20_5240P0_2_1222_N
,RF_WMSS-LOGGER_LS46E_PMNRULAA-DMNRULAA_RP2-R2_HOME_100_5825P0_2_1222_0XFF_N
,RF_WMSS-LOGGER_LS46E_PMNRULAA-DMNRULAA_RP2-R2_HOME_20_5825P0_2_1222_0XFF_N
,RF_WMSS-LOGGER_LS46E_PMNRULAA-DMNRULAA_RP2-R2_HOME_80_5825P0_2_1222_0XFF_N
,RF_WMSS-LOGGER_LS46E_PNRULAA-DNRULAA_RP3-R3_HOME_100_5825P0_2_1222_0XFF_N
,RF_WMSS-LOGGER_LS46E_PNRULAA-DNRULAA_RP3-R3_HOME_20_5825P0_2_1222_0XFF_N
,RF_WMSS-LOGGER_LS46E_PNRULAA-DNRULAA_RP3-R3_HOME_80_5825P0_2_1222_0XFF_N
,RF_WMSS-LOGGER_LS46E-LS46E_PNRULAA-DNRULAA_RP2-R2SCA1_HOME_20_5735P0_2_1222_0XFF_RP3-R3SCA1_HOME_20_5915P0_2_1225_N
,RF_WMSS-LOGGER_LS79A_PMNRULAA-DMNRULAA_RP2-R2_HOME_20_4400P0_2_1222_0XFF_N
,RF_WMSS-LOGGER_LS79A_PNRULAA-DNRULAA_RP3-R3_HOME_20_4400P0_2_1222_0XFF_N
,RF_WMSS-LOGGER_LS79B_PMNRULAA-DMNRULAA_RP2-R2_HOME_20_4600P0_2_1222_0XFF_N
,RF_WMSS-LOGGER_LS79B_PNRULAA-DNRULAA_RP3-R3_HOME_20_4600P0_2_1222_0XFF_N
,RF_WMSS-LOGGER_LS79C_PMNRULAA-DMNRULAA_RP2-R2_HOME_20_4900P0_2_1222_0XFF_N
,RF_WMSS-LOGGER_LS79C_PNRULAA-DNRULAA_RP3-R3_HOME_20_4900P0_2_1222_0XFF_N
,RF_WMSS-LOGGER_LS96A_PMNRULAA-DMNRULAA_RP2-R2_HOME_100_6045P0_2_1222_0XFF_N
,RF_WMSS-LOGGER_LS96A_PMNRULAA-DMNRULAA_RP2-R2_HOME_20_6045P0_2_1222_0XFF_N
,RF_WMSS-LOGGER_LS96A_PMNRULAA-DMNRULAA_RP2-R2_HOME_80_6045P0_2_1222_0XFF_N
,RF_WMSS-LOGGER_LS96A_PNRULAA-DNRULAA_RP3-R3_HOME_100_6045P0_2_1222_0XFF_N
,RF_WMSS-LOGGER_LS96A_PNRULAA-DNRULAA_RP3-R3_HOME_20_6045P0_2_1222_0XFF_N
,RF_WMSS-LOGGER_LS96A_PNRULAA-DNRULAA_RP3-R3_HOME_80_6045P0_2_1222_0XFF_N
,RF_WMSS-LOGGER_LS96A-LS96A_PNRULAA-DNRULAA_RP2-R2SCA1_HOME_20_5935P0_2_1222_0XFF_RP3-R3SCA1_HOME_20_6155P0_2_1222_N
,RF_WMSS-LOGGER_LS96E_PMNRULAA-DMNRULAA_RP2-R2_HOME_100_7005P0_2_1222_0XFF_N
,RF_WMSS-LOGGER_LS96E_PMNRULAA-DMNRULAA_RP2-R2_HOME_20_7005P0_2_1222_0XFF_N
,RF_WMSS-LOGGER_LS96E_PMNRULAA-DMNRULAA_RP2-R2_HOME_80_7005P0_2_1222_0XFF_N
,RF_WMSS-LOGGER_LS96E_PNRULAA-DNRULAA_RP3-R3_HOME_100_7005P0_2_1222_0XFF_N
,RF_WMSS-LOGGER_LS96E_PNRULAA-DNRULAA_RP3-R3_HOME_20_7005P0_2_1222_0XFF_N
,RF_WMSS-LOGGER_LS96E_PNRULAA-DNRULAA_RP3-R3_HOME_80_7005P0_2_1222_0XFF_N
,RF_WMSS-LOGGER_LS96E-LS96E_PNRULAA-DNRULAA_RP2-R2SCA1_HOME_20_6895P0_2_1222_0XFF_RP3-R3SCA1_HOME_20_7115P0_2_1222_N
,RF_WMSS-LOGGER_LS77A_PUNA-DUNA_RP5-R7_HOME_100_3425P0_2_122_0XFF_N
,RF_WMSS-LOGGER_LS77A_PUNA-DUNA-PMUNA-DMUNA_RP5-R7-R8_HOME_10_3425P0_2_122_0XFF_N
,RF_WMSS-LOGGER_LS77A_PUNA-DUNA-PMUNA-DMUNA_RP5-R7-R8_HOME_200_3425P0_2_122_0XFF_N
,RF_WMSS-LOGGER_LS77A-LS77A_PUNA-DUNA_RP5-R7SCA1_HOME_10_3400P0_2_122_0XFF_RP6-R9SCA1_HOME_10_3500P0_2_122_N
,RF_WMSS-LOGGER_LS77A-LS77A_PUNA-DUNA-PMUNA-DMUNA_RP4-R5SCA2-R6SCA2_HOME_10_3400P0_2_122_0XFF_RP5-R7SCA2-R8SCA2_HOME_10_3500P0_2_122_N
,RF_WMSS-LOGGER_LS77A-LS77A_PUNA-DUNA-PMUNA-DMUNA_RP4-R5SCA4-R6SCA4_HOME_10_3400P0_2_122_0XFF_RP6-R9SCA4-R10SCA4_HOME_10_3500P0_2_122_N
,RF_WMSS-LOGGER_LS77A-LS77A-LS77A_PUNA-DUNA_RP4-R5SCA3_HOME_10_3350P0_2_122_0XFF_RP5-R7SCA3_HOME_10_3400P0_2_122_RP6-R9SCA3_HOME_10_3500P0_2_122_N
,RF_WMSS-LOGGER_LS77D_PUNA-DUNA_RP5-R7_HOME_100_4075P0_2_122_0XFF_N
,RF_WMSS-LOGGER_LS77D_PUNA-DUNA-PMUNA-DMUNA_RP5-R7-R8_HOME_10_4075P0_2_122_0XFF_N
,RF_WMSS-LOGGER_LS77D_PUNA-DUNA-PMUNA-DMUNA_RP5-R7-R8_HOME_200_4075P0_2_122_0XFF_N
,RF_WMSS-LOGGER_LS77D-LS77D_PUNA-DUNA_RP5-R7SCA1_HOME_10_4000P0_2_122_0XFF_RP6-R9SCA1_HOME_10_4100P0_2_122_N
,RF_WMSS-LOGGER_LS77D-LS77D_PUNA-DUNA-PMUNA-DMUNA_RP4-R5SCA2-R6SCA2_HOME_10_4000P0_2_122_0XFF_RP5-R7SCA2-R8SCA2_HOME_10_4100P0_2_122_N
,RF_WMSS-LOGGER_LS77D-LS77D_PUNA-DUNA-PMUNA-DMUNA_RP4-R5SCA4-R6SCA4_HOME_10_4000P0_2_122_0XFF_RP6-R9SCA4-R10SCA4_HOME_10_4100P0_2_122_N
,RF_WMSS-LOGGER_LS77D-LS77D-LS77D_PUNA-DUNA_RP4-R5SCA3_HOME_10_4000P0_2_122_0XFF_RP5-R7SCA3_HOME_10_4100P0_2_122_RP6-R9SCA3_HOME_10_4150P0_2_122_N
,RF_WMSS-LOGGER_LS79A_PNA-DNA_RP6-R9_HOME_100_4500P0_2_1122_0XFF_N
,RF_WMSS-LOGGER_LS79A_PNA-DNA-PMNA-DMNA_RP6-R9-R10_HOME_20_4500P0_2_1122_0XFF_N
,RF_WMSS-LOGGER_LS79A-LS79A_PNA-DNA_RP5-R7SCA1_HOME_20_4475P0_2_1122_0XFF_RP6-R9SCA1_HOME_20_4575P0_2_1122_N
,RF_WMSS-LOGGER_LS79C_PNA-DNA_RP6-R9_HOME_100_4900P0_2_1122_0XFF_N
,RF_WMSS-LOGGER_LS79C_PNA-DNA-PMNA-DMNA_RP6-R9-R10_HOME_20_4900P0_2_1122_0XFF_N
,RF_WMSS-LOGGER_LS79C-LS79C_PNA-DNA_RP5-R7SCA1_HOME_20_4825P0_2_1122_0XFF_RP6-R9SCA1_HOME_20_4925P0_2_1122_N
,RF_WMSS-LOGGER_LS3_PMHB4-DMHB4_RP1-R1_HOME_10_1842P5_4_242_0XFF_N
,RF_WMSS-LOGGER_LS3_PMMHB4-DMMHB4_RP0-R0_HOME_10_1842P5_4_242_0XFF_N
,RF_WMSS-LOGGER_LS7_PMHB4-DMHB4_RP1-R1_HOME_10_2655P0_4_242_0XFF_N
,RF_WMSS-LOGGER_LS7_PMMHB4-DMMHB4_RP0-R0_HOME_10_2655P0_4_242_0XFF_N
,RF_WMSS-LOGGER_LS1_PMHB4-DMHB4_RP1-R1_HOME_10_2140P0_4_242_0XFF_N
,RF_WMSS-LOGGER_LS1_PMHB4-DMHB4_RP1-R1_HOME_40_2140P0_4_242_0XFF_N
,RF_WMSS-LOGGER_LS2_PMHB4-DMHB4_RP1-R1_HOME_10_1960P0_4_242_0XFF_N
,RF_WMSS-LOGGER_LS2_PMHB4-DMHB4_RP1-R1_HOME_40_1960P0_4_242_0XFF_N
,RF_WMSS-LOGGER_LS3_PMHB4-DMHB4_RP1-R1_HOME_40_1842P5_4_242_0XFF_N
,RF_WMSS-LOGGER_LS41_PMHB4-DMHB4_RP1-R1_HOME_100_2593P0_4_242_0XFF_N
,RF_WMSS-LOGGER_LS41_PMHB4-DMHB4_RP1-R1_HOME_10_2593P0_4_242_0XFF_N
,RF_WMSS-LOGGER_LS41_PMHB4-DMHB4_RP1-R1_HOME_40_2593P0_4_242_0XFF_N
,RF_WMSS-LOGGER_LS7_PMHB4-DMHB4_RP1-R1_HOME_40_2655P0_4_242_0XFF_N
,RF_WMSS-LOGGER_LS1_PMMHB4-DMMHB4_RP0-R0_HOME_10_2140P0_4_242_0XFF_N
,RF_WMSS-LOGGER_LS1_PMMHB4-DMMHB4_RP0-R0_HOME_40_2140P0_4_242_0XFF_N
,RF_WMSS-LOGGER_LS2_PMMHB4-DMMHB4_RP0-R0_HOME_10_1960P0_4_242_0XFF_N
,RF_WMSS-LOGGER_LS2_PMMHB4-DMMHB4_RP0-R0_HOME_40_1960P0_4_242_0XFF_N
,RF_WMSS-LOGGER_LS3_PMMHB4-DMMHB4_RP0-R0_HOME_40_1842P5_4_242_0XFF_N
,RF_WMSS-LOGGER_LS41_PMMHB4-DMMHB4_RP0-R0_HOME_100_2593P0_4_242_0XFF_N
,RF_WMSS-LOGGER_LS41_PMMHB4-DMMHB4_RP0-R0_HOME_10_2593P0_4_242_0XFF_N
,RF_WMSS-LOGGER_LS41_PMMHB4-DMMHB4_RP0-R0_HOME_40_2593P0_4_242_0XFF_N
,RF_WMSS-LOGGER_LS7_PMMHB4-DMMHB4_RP0-R0_HOME_40_2655P0_4_242_0XFF_N
,RF_WMSS-LOGGER_LS28_PLB2MLB-DLB2MLB_RP2-R2_HOME_10_780P5_8_182_0XFF_N
,RF_WMSS-LOGGER_LS5_PLB2MLB-DLB2MLB_RP2-R2_HOME_10_881P5_4_142_0XFF_N
,RF_WMSS-LOGGER_LS28_PLB2MLB-DLB2MLB_RP2-R2_HOME_20_780P5_8_182_0XFF_N
,RF_WMSS-LOGGER_LS5_PLB2MLB-DLB2MLB_RP2-R2_HOME_20_881P5_4_142_0XFF_N
,RF_WMSS-LOGGER_LS12_PLB2MLB-DLB2MLB_RP2-R2_HOME_10_737P5_8_182_0XFF_N
,RF_WMSS-LOGGER_LS20_PLB2MLB-DLB2MLB_RP2-R2_HOME_10_791P0_8_182_0XFF_N
,RF_WMSS-LOGGER_LS20_PLB2MLB-DLB2MLB_RP2-R2_HOME_10_806P0_8_183_0XFF_N
,RF_WMSS-LOGGER_LS20-LS20_PLB2MLB-DLB2MLB_RP2-R2SCA1_HOME_10_796P0_8_182_0XFF_RP3-R3SCA1_HOME_10_816P0_8_183_N
,RF_WMSS-LOGGER_LS20-LS20_PLB2MLB-DLB2MLB_RP2-R2SCA1_HOME_20_801P0_8_182_0XFF_RP3-R3SCA1_HOME_20_811P0_8_182_N
,RF_WMSS-LOGGER_LS3_PMHB4-DMHB4_RP1-R1_HOME_10_1842P5_4_242_0XFF_N
,RF_WMSS-LOGGER_LS3_PMMHB4-DMMHB4_RP0-R0_HOME_10_1842P5_4_242_0XFF_N
,RF_WMSS-LOGGER_LS46A_PMNRULAA-DMNRULAA_RP2-R2_HOME_100_5200P0_2_1222_0XFF_N
,RF_WMSS-LOGGER_LS46A_PMNRULAA-DMNRULAA_RP2-R2_HOME_20_5200P0_2_1222_0XFF_N
,RF_WMSS-LOGGER_LS46A_PMNRULAA-DMNRULAA_RP2-R2_HOME_80_5200P0_2_1222_0XFF_N
,RF_WMSS-LOGGER_LS46A-LS46A_PNRULAA-DNRULAA_RP2-R2SCA1_HOME_20_5160P0_2_1222_0XFF_RP3-R3SCA1_HOME_20_5240P0_2_1222_N
,RF_WMSS-LOGGER_LS46E_PMNRULAA-DMNRULAA_RP2-R2_HOME_100_5825P0_2_1222_0XFF_N
,RF_WMSS-LOGGER_LS46E_PMNRULAA-DMNRULAA_RP2-R2_HOME_20_5825P0_2_1222_0XFF_N
,RF_WMSS-LOGGER_LS46E_PMNRULAA-DMNRULAA_RP2-R2_HOME_80_5825P0_2_1222_0XFF_N
,RF_WMSS-LOGGER_LS46E-LS46E_PNRULAA-DNRULAA_RP2-R2SCA1_HOME_20_5735P0_2_1222_0XFF_RP3-R3SCA1_HOME_20_5915P0_2_1225_N
,RF_WMSS-LOGGER_LS7_PMHB4-DMHB4_RP1-R1_HOME_10_2655P0_4_242_0XFF_N
,RF_WMSS-LOGGER_LS7_PMMHB4-DMMHB4_RP0-R0_HOME_10_2655P0_4_242_0XFF_N
,RF_WMSS-LOGGER_LS71_PLB2MLB-DLB2MLB_RP2-R2_HOME_10_634P5_8_182_0XFF_N
,RF_WMSS-LOGGER_LS71_PLB2MLB-DLB2MLB_RP2-R2_HOME_20_634P5_8_182_0XFF_N
,RF_WMSS-LOGGER_LS71_PLB2MLB-DLB2MLB_RP2-R2_HOME_40_634P5_8_182_0XFF_N
,RF_WMSS-LOGGER_LS71-LS71_PLB2MLB-DLB2MLB_RP2-R2SCA1_HOME_10_622P0_6_162_0XFF_RP3-R3SCA1_HOME_10_647P0_6_162_N
,RF_WMSS-LOGGER_LS71-LS71_PLB2MLB-DLB2MLB_RP2-R2SCA1_HOME_10_622P0_8_182_0XFF_RP3-R3SCA1_HOME_10_647P0_8_182_N
,RF_WMSS-LOGGER_LS71-LS71_PLB2MLB-DLB2MLB_RP2-R2SCA1_HOME_10_629P0_8_182_0XFF_RP3-R3SCA1_HOME_10_647P0_8_182_N
,RF_WMSS-LOGGER_LS71-LS71_PLB2MLB-DLB2MLB_RP2-R2SCA1_HOME_20_627P0_8_182_0XFF_RP3-R3SCA1_HOME_20_642P0_8_182_N
,RF_WMSS-LOGGER_LS79A_PMNRULAA-DMNRULAA_RP2-R2_HOME_20_4400P0_2_1222_0XFF_N
,RF_WMSS-LOGGER_LS79B_PMNRULAA-DMNRULAA_RP2-R2_HOME_20_4600P0_2_1222_0XFF_N
,RF_WMSS-LOGGER_LS79C_PMNRULAA-DMNRULAA_RP2-R2_HOME_20_4900P0_2_1222_0XFF_N
,RF_WMSS-LOGGER_LS8_PLB2MLB-DLB2MLB_RP2-R2_HOME_10_960P0_4_143_0XFF_N
,RF_WMSS-LOGGER_LS8-LS8_PLB2MLB-DLB2MLB_RP2-R2SCA1_HOME_10_930P0_4_142_0XFF_RP3-R3SCA1_HOME_10_955P0_4_142_N
,RF_WMSS-LOGGER_LS96A_PMNRULAA-DMNRULAA_RP2-R2_HOME_100_6045P0_2_1222_0XFF_N
,RF_WMSS-LOGGER_LS96A_PMNRULAA-DMNRULAA_RP2-R2_HOME_20_6045P0_2_1222_0XFF_N
,RF_WMSS-LOGGER_LS96A_PMNRULAA-DMNRULAA_RP2-R2_HOME_80_6045P0_2_1222_0XFF_N
,RF_WMSS-LOGGER_LS96A-LS96A_PNRULAA-DNRULAA_RP2-R2SCA1_HOME_20_5935P0_2_1222_0XFF_RP3-R3SCA1_HOME_20_6155P0_2_1222_N
,RF_WMSS-LOGGER_LS96E_PMNRULAA-DMNRULAA_RP2-R2_HOME_100_7005P0_2_1222_0XFF_N
,RF_WMSS-LOGGER_LS96E_PMNRULAA-DMNRULAA_RP2-R2_HOME_20_7005P0_2_1222_0XFF_N
,RF_WMSS-LOGGER_LS96E_PMNRULAA-DMNRULAA_RP2-R2_HOME_80_7005P0_2_1222_0XFF_N
,RF_WMSS-LOGGER_LS96E-LS96E_PNRULAA-DNRULAA_RP2-R2SCA1_HOME_20_6895P0_2_1222_0XFF_RP3-R3SCA1_HOME_20_7115P0_2_1222_N
,RF_WMSS-LOGGER_LS3_PMHB4-DMHB4_RP1-R1_HOME_10_1842P5_4_242_0XFF_N
,RF_WMSS-LOGGER_LS3_PMMHB4-DMMHB4_RP0-R0_HOME_10_1842P5_4_242_0XFF_N
,RF_WMSS-LOGGER_LS7_PMHB4-DMHB4_RP1-R1_HOME_10_2655P0_4_242_0XFF_N
,RF_WMSS-LOGGER_LS7_PMMHB4-DMMHB4_RP0-R0_HOME_10_2655P0_4_242_0XFF_N
,RF_WMSS-LOGGER_LS1_PMHB4-DMHB4_RP1-R1_HOME_10_2140P0_4_242_0XFF_N
,RF_WMSS-LOGGER_LS2_PMHB4-DMHB4_RP1-R1_HOME_10_1960P0_4_242_0XFF_N
,RF_WMSS-LOGGER_LS41_PMHB4-DMHB4_RP1-R1_HOME_10_2593P0_4_242_0XFF_N
,RF_WMSS-LOGGER_LS1_PMMHB4-DMMHB4_RP0-R0_HOME_10_2140P0_4_242_0XFF_N
,RF_WMSS-LOGGER_LS2_PMMHB4-DMMHB4_RP0-R0_HOME_10_1960P0_4_242_0XFF_N
,RF_WMSS-LOGGER_LS41_PMMHB4-DMMHB4_RP0-R0_HOME_10_2593P0_4_242_0XFF_N
,RF_WMSS-LOGGER_LS77A_PUNA-DUNA_RP4-R5_HOME_10_3425P0_2_122_0XFF_N
,RF_WMSS-LOGGER_LS77A_PMUNA-DMUNA_RP4-R6_HOME_10_3425P0_2_122_0XFF_N
,RF_WMSS-LOGGER_LS77D_PUNA-DUNA_RP4-R5_HOME_10_4075P0_2_122_0XFF_N
,RF_WMSS-LOGGER_LS77D_PMUNA-DMUNA_RP4-R6_HOME_10_4075P0_2_122_0XFF_N
,RF_WMSS-LOGGER_LS79A_PUNA-DUNA_RP4-R5_HOME_10_4500P0_2_1122_0XFF_N
,RF_WMSS-LOGGER_LS79A_PMUNA-DMUNA_RP4-R6_HOME_10_4500P0_2_1122_0XFF_N
,RF_WMSS-LOGGER_LS79C_PUNA-DUNA_RP4-R5_HOME_10_4900P0_2_1122_0XFF_N
,RF_WMSS-LOGGER_LS79C_PMUNA-DMUNA_RP4-R6_HOME_10_4900P0_2_1122_0XFF_N
,RF_WMSS-LOGGER_LS77A_PNA-DNA_RP5-R7_HOME_10_3425P0_2_122_0XFF_N
,RF_WMSS-LOGGER_LS77A_PMNA-DMNA_RP5-R8_HOME_10_3425P0_2_122_0XFF_N
,RF_WMSS-LOGGER_LS77A_PMNA-DMNA_RP6-R10_HOME_10_3425P0_2_122_0XFF_N
,RF_WMSS-LOGGER_LS77A_PNA-DNA_RP6-R9_HOME_10_3425P0_2_122_0XFF_N
,RF_WMSS-LOGGER_LS77D_PNA-DNA_RP5-R7_HOME_10_4075P0_2_122_0XFF_N
,RF_WMSS-LOGGER_LS77D_PMNA-DMNA_RP5-R8_HOME_10_4075P0_2_122_0XFF_N
,RF_WMSS-LOGGER_LS77D_PMNA-DMNA_RP6-R10_HOME_10_4075P0_2_122_0XFF_N
,RF_WMSS-LOGGER_LS77D_PNA-DNA_RP6-R9_HOME_10_4075P0_2_122_0XFF_N
,RF_WMSS-LOGGER_LS28_PLB2MLB-DLB2MLB_RP2-R2_HOME_10_780P5_8_182_0XFF_N
,RF_WMSS-LOGGER_LS5_PLB2MLB-DLB2MLB_RP2-R2_HOME_10_881P5_4_142_0XFF_N
,RF_WMSS-LOGGER_LS28_PLB1-DLB1_RP3-R3_HOME_10_780P5_8_182_0XFF_N
,RF_WMSS-LOGGER_LS28_PLB2MLB-DLB2MLB_RP3-R3_HOME_10_780P5_8_182_0XFF_N
,RF_WMSS-LOGGER_LS28_PLB1-DLB1_RP3-R4_HOME_10_780P5_8_182_0XFF_N
,RF_WMSS-LOGGER_LS5_PLB1-DLB1_RP3-R3_HOME_10_881P5_4_142_0XFF_N
,RF_WMSS-LOGGER_LS5_PLB2MLB-DLB2MLB_RP3-R3_HOME_10_881P5_4_142_0XFF_N
,RF_WMSS-LOGGER_LS5_PLB1-DLB1_RP3-R4_HOME_10_881P5_4_142_0XFF_N
,RF_WMSS-LOGGER_LS5_PLB1-DLB1_RP4-R5_HOME_10_881P5_4_242_0XFF_N
,RF_WMSS-LOGGER_LS1_PMHB3JB-DMHB3JB_RP3-R3_HOME_10_2140P0_4_242_0XFF_N
,RF_WMSS-LOGGER_LS1_PMMHB3-DMMHB3_RP3-R4_HOME_10_2140P0_4_242_0XFF_N
,RF_WMSS-LOGGER_LS1_PMHB2-DMHB2_RP4-R5_HOME_10_2140P0_4_142_0XFF_N
,RF_WMSS-LOGGER_LS1_PMHB3JB-DMHB3JB_RP4-R5_HOME_10_2140P0_4_142_0XFF_N
,RF_WMSS-LOGGER_LS1_PMMHB2-DMMHB2_RP4-R6_HOME_10_2140P0_4_142_0XFF_N
,RF_WMSS-LOGGER_LS1_PMMHB3-DMMHB3_RP4-R6_HOME_10_2140P0_4_142_0XFF_N
,RF_WMSS-LOGGER_LS1_PMHB2-DMHB2_RP5-R7_HOME_10_2140P0_4_142_0XFF_N
,RF_WMSS-LOGGER_LS1_PMMHB2-DMMHB2_RP5-R8_HOME_10_2140P0_4_142_0XFF_N
,RF_WMSS-LOGGER_LS1_PMMHB1-DMMHB1_RP6-R10_HOME_10_2140P0_4_142_0XFF_N
,RF_WMSS-LOGGER_LS1_PMHB1-DMHB1_RP6-R9_HOME_10_2140P0_4_142_0XFF_N
,RF_WMSS-LOGGER_LS2_PMHB3JB-DMHB3JB_RP3-R3_HOME_10_1960P0_4_242_0XFF_N
,RF_WMSS-LOGGER_LS2_PMMHB3-DMMHB3_RP3-R4_HOME_10_1960P0_4_242_0XFF_N
,RF_WMSS-LOGGER_LS2_PMHB2-DMHB2_RP4-R5_HOME_10_1960P0_4_142_0XFF_N
,RF_WMSS-LOGGER_LS2_PMHB3JB-DMHB3JB_RP4-R5_HOME_10_1960P0_4_142_0XFF_N
,RF_WMSS-LOGGER_LS2_PMMHB2-DMMHB2_RP4-R6_HOME_10_1960P0_4_142_0XFF_N
,RF_WMSS-LOGGER_LS2_PMMHB3-DMMHB3_RP4-R6_HOME_10_1960P0_4_142_0XFF_N
,RF_WMSS-LOGGER_LS2_PMHB2-DMHB2_RP5-R7_HOME_10_1960P0_4_142_0XFF_N
,RF_WMSS-LOGGER_LS2_PMMHB2-DMMHB2_RP5-R8_HOME_10_1960P0_4_142_0XFF_N
,RF_WMSS-LOGGER_LS2_PMMHB1-DMMHB1_RP6-R10_HOME_10_1960P0_4_142_0XFF_N
,RF_WMSS-LOGGER_LS2_PMHB1-DMHB1_RP6-R9_HOME_10_1960P0_4_142_0XFF_N
,RF_WMSS-LOGGER_LS3_PMHB3JB-DMHB3JB_RP3-R3_HOME_10_1842P5_4_242_0XFF_N
,RF_WMSS-LOGGER_LS3_PMMHB3-DMMHB3_RP3-R4_HOME_10_1842P5_4_242_0XFF_N
,RF_WMSS-LOGGER_LS3_PMHB2-DMHB2_RP4-R5_HOME_10_1842P5_4_142_0XFF_N
,RF_WMSS-LOGGER_LS3_PMHB3JB-DMHB3JB_RP4-R5_HOME_10_1842P5_4_142_0XFF_N
,RF_WMSS-LOGGER_LS3_PMMHB2-DMMHB2_RP4-R6_HOME_10_1842P5_4_142_0XFF_N
,RF_WMSS-LOGGER_LS3_PMMHB3-DMMHB3_RP4-R6_HOME_10_1842P5_4_142_0XFF_N
,RF_WMSS-LOGGER_LS3_PMHB2-DMHB2_RP5-R7_HOME_10_1842P5_4_142_0XFF_N
,RF_WMSS-LOGGER_LS3_PMMHB2-DMMHB2_RP5-R8_HOME_10_1842P5_4_142_0XFF_N
,RF_WMSS-LOGGER_LS3_PMMHB1-DMMHB1_RP6-R10_HOME_10_1842P5_4_142_0XFF_N
,RF_WMSS-LOGGER_LS3_PMHB1-DMHB1_RP6-R9_HOME_10_1842P5_4_142_0XFF_N
,RF_WMSS-LOGGER_LS7_PMHB3JB-DMHB3JB_RP3-R3_HOME_10_2655P0_4_242_0XFF_N
,RF_WMSS-LOGGER_LS7_PMMHB3-DMMHB3_RP3-R4_HOME_10_2655P0_4_242_0XFF_N
,RF_WMSS-LOGGER_LS7_PMHB2-DMHB2_RP4-R5_HOME_10_2655P0_4_142_0XFF_N
,RF_WMSS-LOGGER_LS7_PMHB3JB-DMHB3JB_RP4-R5_HOME_10_2655P0_4_142_0XFF_N
,RF_WMSS-LOGGER_LS7_PMMHB2-DMMHB2_RP4-R6_HOME_10_2655P0_4_142_0XFF_N
,RF_WMSS-LOGGER_LS7_PMMHB3-DMMHB3_RP4-R6_HOME_10_2655P0_4_142_0XFF_N
,RF_WMSS-LOGGER_LS7_PMHB2-DMHB2_RP5-R7_HOME_10_2655P0_4_142_0XFF_N
,RF_WMSS-LOGGER_LS7_PMMHB2-DMMHB2_RP5-R8_HOME_10_2655P0_4_142_0XFF_N
,RF_WMSS-LOGGER_LS7_PMMHB1-DMMHB1_RP6-R10_HOME_10_2655P0_4_142_0XFF_N
,RF_WMSS-LOGGER_LS7_PMHB1-DMHB1_RP6-R9_HOME_10_2655P0_4_142_0XFF_N
,RF_WMSS-LOGGER_LS41_PMHB3JB-DMHB3JB_RP3-R3_HOME_10_2593P0_4_242_0XFF_N
,RF_WMSS-LOGGER_LS41_PMMHB3-DMMHB3_RP3-R4_HOME_10_2593P0_4_242_0XFF_N
,RF_WMSS-LOGGER_LS41_PMHB2-DMHB2_RP4-R5_HOME_10_2593P0_4_142_0XFF_N
,RF_WMSS-LOGGER_LS41_PMHB3JB-DMHB3JB_RP4-R5_HOME_10_2593P0_4_142_0XFF_N
,RF_WMSS-LOGGER_LS41_PMMHB2-DMMHB2_RP4-R6_HOME_10_2593P0_4_142_0XFF_N
,RF_WMSS-LOGGER_LS41_PMMHB3-DMMHB3_RP4-R6_HOME_10_2593P0_4_142_0XFF_N
,RF_WMSS-LOGGER_LS41_PMHB2-DMHB2_RP5-R7_HOME_10_2593P0_4_142_0XFF_N
,RF_WMSS-LOGGER_LS41_PMMHB2-DMMHB2_RP5-R8_HOME_10_2593P0_4_142_0XFF_N
,RF_WMSS-LOGGER_LS41_PMMHB1-DMMHB1_RP6-R10_HOME_10_2593P0_4_142_0XFF_N
,RF_WMSS-LOGGER_LS41_PMHB1-DMHB1_RP6-R9_HOME_10_2593P0_4_142_0XFF_N
,RF_WMSS-LOGGER_LS77A_PUNA-DUNA_RP5-R7_HOME_10_3425P0_2_122_0XFF_N
,RF_WMSS-LOGGER_LS77A_PMUNA-DMUNA_RP5-R8_HOME_10_3425P0_2_122_0XFF_N
,RF_WMSS-LOGGER_LS77A_PMUNA-DMUNA_RP6-R10_HOME_10_3425P0_2_122_0XFF_N
,RF_WMSS-LOGGER_LS77A_PUNA-DUNA_RP6-R9_HOME_10_3425P0_2_122_0XFF_N
,RF_WMSS-LOGGER_LS77D_PUNA-DUNA_RP5-R7_HOME_10_4075P0_2_122_0XFF_N
,RF_WMSS-LOGGER_LS77D_PMUNA-DMUNA_RP5-R8_HOME_10_4075P0_2_122_0XFF_N
,RF_WMSS-LOGGER_LS77D_PMUNA-DMUNA_RP6-R10_HOME_10_4075P0_2_122_0XFF_N
,RF_WMSS-LOGGER_LS77D_PUNA-DUNA_RP6-R9_HOME_10_4075P0_2_122_0XFF_N
,RF_WMSS-LOGGER_LS79A_PNA-DNA_RP5-R7_HOME_10_4500P0_2_1122_0XFF_N
,RF_WMSS-LOGGER_LS79A_PUNA-DUNA_RP5-R7_HOME_10_4500P0_2_1122_0XFF_N
,RF_WMSS-LOGGER_LS79A_PMNA-DMNA_RP5-R8_HOME_10_4500P0_2_1122_0XFF_N
,RF_WMSS-LOGGER_LS79A_PMUNA-DMUNA_RP5-R8_HOME_10_4500P0_2_1122_0XFF_N
,RF_WMSS-LOGGER_LS79A_PMNA-DMNA_RP6-R10_HOME_10_4500P0_2_1122_0XFF_N
,RF_WMSS-LOGGER_LS79A_PMUNA-DMUNA_RP6-R10_HOME_10_4500P0_2_1122_0XFF_N
,RF_WMSS-LOGGER_LS79A_PNA-DNA_RP6-R9_HOME_10_4500P0_2_1122_0XFF_N
,RF_WMSS-LOGGER_LS79A_PUNA-DUNA_RP6-R9_HOME_10_4500P0_2_1122_0XFF_N
,RF_WMSS-LOGGER_LS79C_PNA-DNA_RP5-R7_HOME_10_4900P0_2_1122_0XFF_N
,RF_WMSS-LOGGER_LS79C_PUNA-DUNA_RP5-R7_HOME_10_4900P0_2_1122_0XFF_N
,RF_WMSS-LOGGER_LS79C_PMNA-DMNA_RP5-R8_HOME_10_4900P0_2_1122_0XFF_N
,RF_WMSS-LOGGER_LS79C_PMUNA-DMUNA_RP5-R8_HOME_10_4900P0_2_1122_0XFF_N
,RF_WMSS-LOGGER_LS79C_PMNA-DMNA_RP6-R10_HOME_10_4900P0_2_1122_0XFF_N
,RF_WMSS-LOGGER_LS79C_PMUNA-DMUNA_RP6-R10_HOME_10_4900P0_2_1122_0XFF_N
,RF_WMSS-LOGGER_LS79C_PNA-DNA_RP6-R9_HOME_10_4900P0_2_1122_0XFF_N
,RF_WMSS-LOGGER_LS79C_PUNA-DUNA_RP6-R9_HOME_10_4900P0_2_1122_0XFF_N
,RF_WMSS-LOGGER_LS1_PMHB1-DMHB1-PMMHB1-DMMHB1_RP6-R9-R10_HOME_10_2140P0_4_142_0XFF_N
,RF_WMSS-LOGGER_LS1_PMHB2-DMHB2-PMMHB2-DMMHB2_RP4-R5-R6_HOME_10_2140P0_4_142_0XFF_N
,RF_WMSS-LOGGER_LS1_PMHB2-DMHB2-PMMHB2-DMMHB2_RP5-R7-R8_HOME_10_2140P0_4_142_0XFF_N
,RF_WMSS-LOGGER_LS1_PMHB3JB-DMHB3JB-PMMHB3-DMMHB3_RP3-R3-R4_HOME_10_2140P0_4_242_0XFF_N
,RF_WMSS-LOGGER_LS1_PMHB3JB-DMHB3JB-PMMHB3-DMMHB3_RP4-R5-R6_HOME_10_2140P0_4_142_0XFF_N
,RF_WMSS-LOGGER_LS12_PLB1-DLB1_RP3-R4_HOME_10_737P5_8_182_0XFF_N
,RF_WMSS-LOGGER_LS12_PLB2MLB-DLB2MLB_RP2-R2_HOME_10_737P5_8_182_0XFF_N
,RF_WMSS-LOGGER_LS20_PLB1-DLB1_RP3-R4_HOME_10_806P0_8_183_0XFF_N
,RF_WMSS-LOGGER_LS20_PLB2MLB-DLB2MLB_RP2-R2_HOME_10_806P0_8_183_0XFF_N
,RF_WMSS-LOGGER_LS20-LS20_PLB2MLB-DLB2MLB_RP2-R2SCA1_HOME_10_796P0_8_182_0XFF_RP3-R3SCA1_HOME_10_816P0_8_183_N
,RF_WMSS-LOGGER_LS2-LS2_PMHB2-DMHB2-PMMHB2-DMMHB2_RP4-R5SCA1-R6SCA1_HOME_10_1945P0_4_142_0XFF_RP5-R7SCA1-R8SCA1_HOME_10_1960P0_4_142_N
,RF_WMSS-LOGGER_LS2-LS2_PMHB3JB-DMHB3JB-PMMHB3-DMMHB3_RP3-R3SCA1-R4SCA1_HOME_10_1945P0_4_242_0XFF_RP4-R5SCA1-R6SCA1_HOME_10_1960P0_4_142_N
,RF_WMSS-LOGGER_LS3_PMHB1-DMHB1-PMMHB1-DMMHB1_RP6-R9-R10_HOME_10_1842P5_4_142_0XFF_N
,RF_WMSS-LOGGER_LS3_PMHB2-DMHB2-PMMHB2-DMMHB2_RP4-R5-R6_HOME_10_1842P5_4_142_0XFF_N
,RF_WMSS-LOGGER_LS3_PMHB2-DMHB2-PMMHB2-DMMHB2_RP5-R7-R8_HOME_10_1842P5_4_142_0XFF_N
,RF_WMSS-LOGGER_LS3_PMHB3JB-DMHB3JB-PMMHB3-DMMHB3_RP3-R3-R4_HOME_10_1842P5_4_242_0XFF_N
,RF_WMSS-LOGGER_LS3_PMHB3JB-DMHB3JB-PMMHB3-DMMHB3_RP4-R5-R6_HOME_10_1842P5_4_142_0XFF_N
,RF_WMSS-LOGGER_LS3_PMHB4-DMHB4_RP1-R1_HOME_10_1842P5_4_242_0XFF_N
,RF_WMSS-LOGGER_LS3_PMMHB4-DMMHB4_RP0-R0_HOME_10_1842P5_4_242_0XFF_N
,RF_WMSS-LOGGER_LS32_PMHB2-DMHB2_RP4-R5_HOME_10_1474P0_6_162_0XFF_N
,RF_WMSS-LOGGER_LS32_PMHB2-DMHB2_RP4-R5_HOME_20_1474P0_6_162_0XFF_N
,RF_WMSS-LOGGER_LS32_PMHB3JB-DMHB3JB-PMMHB3-DMMHB3_RP3-R3-R4_HOME_10_1474P0_4_142_0XFF_N
,RF_WMSS-LOGGER_LS32_PMHB3JB-DMHB3JB-PMMHB3-DMMHB3_RP3-R3-R4_HOME_20_1474P0_4_142_0XFF_N
,RF_WMSS-LOGGER_LS32_PMMHB2-DMMHB2_RP4-R6_HOME_10_1474P0_6_162_0XFF_N
,RF_WMSS-LOGGER_LS32_PMMHB2-DMMHB2_RP4-R6_HOME_20_1474P0_6_162_0XFF_N
,RF_WMSS-LOGGER_LS3-LS3_PMHB2-DMHB2-PMMHB2-DMMHB2_RP4-R5SCA1-R6SCA1_HOME_10_1825P0_4_142_0XFF_RP5-R7SCA1-R8SCA1_HOME_10_1860P0_4_142_N
,RF_WMSS-LOGGER_LS3-LS3_PMHB3JB-DMHB3JB-PMMHB3-DMMHB3_RP3-R3SCA1-R4SCA1_HOME_10_1825P0_4_242_0XFF_RP4-R5SCA1-R6SCA1_HOME_10_1860P0_4_142_N
,RF_WMSS-LOGGER_LS40_PMHB3JB-DMHB3JB-PMMHB3-DMMHB3_RP3-R3-R4_HOME_10_2350P0_4_242_0XFF_N
,RF_WMSS-LOGGER_LS46A-LS46A_PNRULAA-DNRULAA_RP2-R2SCA1_HOME_20_5160P0_2_1222_0XFF_RP3-R3SCA1_HOME_20_5240P0_2_1222_N
,RF_WMSS-LOGGER_LS46E-LS46E_PNRULAA-DNRULAA_RP2-R2SCA1_HOME_20_5735P0_2_1222_0XFF_RP3-R3SCA1_HOME_20_5915P0_2_1225_N
,RF_WMSS-LOGGER_LS7_PMHB1-DMHB1-PMMHB1-DMMHB1_RP6-R9-R10_HOME_10_2655P0_4_142_0XFF_N
,RF_WMSS-LOGGER_LS7_PMHB2-DMHB2-PMMHB2-DMMHB2_RP4-R5-R6_HOME_10_2655P0_4_142_0XFF_N
,RF_WMSS-LOGGER_LS7_PMHB2-DMHB2-PMMHB2-DMMHB2_RP5-R7-R8_HOME_10_2655P0_4_142_0XFF_N
,RF_WMSS-LOGGER_LS7_PMHB3JB-DMHB3JB-PMMHB3-DMMHB3_RP3-R3-R4_HOME_10_2655P0_4_242_0XFF_N
,RF_WMSS-LOGGER_LS7_PMHB3JB-DMHB3JB-PMMHB3-DMMHB3_RP4-R5-R6_HOME_10_2655P0_4_142_0XFF_N
,RF_WMSS-LOGGER_LS7_PMHB4-DMHB4_RP1-R1_HOME_10_2655P0_4_242_0XFF_N
,RF_WMSS-LOGGER_LS7_PMMHB4-DMMHB4_RP0-R0_HOME_10_2655P0_4_242_0XFF_N
,RF_WMSS-LOGGER_LS71_PLB1-DLB1_RP3-R4_HOME_10_634P5_8_182_0XFF_N
,RF_WMSS-LOGGER_LS71_PLB2MLB-DLB2MLB_RP2-R2_HOME_10_634P5_8_182_0XFF_N
,RF_WMSS-LOGGER_LS71-LS71_PLB1-DLB1_RP3-R3SCA1_HOME_10_622P0_6_162_0XFF_RP4-R5SCA1_HOME_10_647P0_6_262_N
,RF_WMSS-LOGGER_LS71-LS71_PLB2MLB-DLB2MLB_RP2-R2SCA1_HOME_10_622P0_6_162_0XFF_RP3-R3SCA1_HOME_10_647P0_6_162_N
,RF_WMSS-LOGGER_LS71-LS71_PLB2MLB-DLB2MLB_RP2-R2SCA1_HOME_10_622P0_8_182_0XFF_RP3-R3SCA1_HOME_10_647P0_8_182_N
,RF_WMSS-LOGGER_LS71-LS71_PLB2MLB-DLB2MLB_RP2-R2SCA1_HOME_10_629P0_8_182_0XFF_RP3-R3SCA1_HOME_10_647P0_8_182_N
,RF_WMSS-LOGGER_LS77A-LS77A_PUNA-DUNA_RP5-R7SCA1_HOME_10_3400P0_2_122_0XFF_RP6-R9SCA1_HOME_10_3500P0_2_122_N
,RF_WMSS-LOGGER_LS77A-LS77A-LS77A_PUNA-DUNA_RP4-R5SCA3_HOME_10_3350P0_2_122_0XFF_RP5-R7SCA3_HOME_10_3400P0_2_122_RP6-R9SCA3_HOME_10_3500P0_2_122_N
,RF_WMSS-LOGGER_LS77D-LS77D_PUNA-DUNA_RP5-R7SCA1_HOME_10_4000P0_2_122_0XFF_RP6-R9SCA1_HOME_10_4100P0_2_122_N
,RF_WMSS-LOGGER_LS77D-LS77D-LS77D_PUNA-DUNA_RP4-R5SCA3_HOME_10_4000P0_2_122_0XFF_RP5-R7SCA3_HOME_10_4100P0_2_122_RP6-R9SCA3_HOME_10_4150P0_2_122_N
,RF_WMSS-LOGGER_LS79A_PMNRULAA-DMNRULAA_RP2-R2_HOME_20_4400P0_2_1222_0XFF_N
,RF_WMSS-LOGGER_LS79A_PNRULAA-DNRULAA_RP3-R3_HOME_20_4400P0_2_1222_0XFF_N
,RF_WMSS-LOGGER_LS79A-LS79A_PNA-DNA_RP5-R7SCA1_HOME_20_4475P0_2_1122_0XFF_RP6-R9SCA1_HOME_20_4575P0_2_1122_N
,RF_WMSS-LOGGER_LS79B_PMNRULAA-DMNRULAA_RP2-R2_HOME_20_4600P0_2_1222_0XFF_N
,RF_WMSS-LOGGER_LS79B_PNRULAA-DNRULAA_RP3-R3_HOME_20_4600P0_2_1222_0XFF_N
,RF_WMSS-LOGGER_LS79C_PMNRULAA-DMNRULAA_RP2-R2_HOME_20_4900P0_2_1222_0XFF_N
,RF_WMSS-LOGGER_LS79C_PNRULAA-DNRULAA_RP3-R3_HOME_20_4900P0_2_1222_0XFF_N
,RF_WMSS-LOGGER_LS79C-LS79C_PNA-DNA_RP5-R7SCA1_HOME_20_4825P0_2_1122_0XFF_RP6-R9SCA1_HOME_20_4925P0_2_1122_N
,RF_WMSS-LOGGER_LS7-LS7_PMHB2-DMHB2-PMMHB2-DMMHB2_RP4-R5SCA1-R6SCA1_HOME_10_2640P0_4_142_0XFF_RP5-R7SCA1-R8SCA1_HOME_10_2670P0_4_142_N
,RF_WMSS-LOGGER_LS8_PLB1-DLB1_RP3-R4_HOME_10_942P5_4_142_0XFF_N
,RF_WMSS-LOGGER_LS8_PLB2MLB-DLB2MLB_RP2-R2_HOME_10_960P0_4_143_0XFF_N
,RF_WMSS-LOGGER_LS8-LS8_PLB1-DLB1_RP3-R3SCA1_HOME_10_930P0_4_142_0XFF_RP4-R5SCA1_HOME_10_955P0_4_242_N
,RF_WMSS-LOGGER_LS8-LS8_PLB2MLB-DLB2MLB_RP2-R2SCA1_HOME_10_930P0_4_142_0XFF_RP3-R3SCA1_HOME_10_955P0_4_142_N
,RF_WMSS-LOGGER_LS96A_PMNRULAA-DMNRULAA_RP2-R2_HOME_20_6045P0_2_1222_0XFF_N
,RF_WMSS-LOGGER_LS96A_PNRULAA-DNRULAA_RP3-R3_HOME_20_6045P0_2_1222_0XFF_N
,RF_WMSS-LOGGER_LS96A-LS96A_PNRULAA-DNRULAA_RP2-R2SCA1_HOME_20_5935P0_2_1222_0XFF_RP3-R3SCA1_HOME_20_6155P0_2_1222_N
,RF_WMSS-LOGGER_LS96E_PMNRULAA-DMNRULAA_RP2-R2_HOME_20_7005P0_2_1222_0XFF_N
,RF_WMSS-LOGGER_LS96E_PNRULAA-DNRULAA_RP3-R3_HOME_20_7005P0_2_1222_0XFF_N
,RF_WMSS-LOGGER_LS96E-LS96E_PNRULAA-DNRULAA_RP2-R2SCA1_HOME_20_6895P0_2_1222_0XFF_RP3-R3SCA1_HOME_20_7115P0_2_1222_N
,RF_WMSS-LOGGER_LS1_PMHB4-DMHB4_RP1-R1_HOME_10_2140P0_4_242_0XFF_N
,RF_WMSS-LOGGER_LS2_PMHB4-DMHB4_RP1-R1_HOME_10_1960P0_4_242_0XFF_N
,RF_WMSS-LOGGER_LS1_PMMHB4-DMMHB4_RP0-R0_HOME_10_2140P0_4_242_0XFF_N
,RF_WMSS-LOGGER_LS2_PMMHB4-DMMHB4_RP0-R0_HOME_10_1960P0_4_242_0XFF_N
,RF_WMSS-LOGGER_LS28_PLB2MLB-DLB2MLB_RP2-R2_HOME_10_780P5_8_182_0XFF_N
,RF_WMSS-LOGGER_LS5_PLB2MLB-DLB2MLB_RP2-R2_HOME_10_881P5_4_142_0XFF_N
,RF_WMSS-LOGGER_LS28_PLB1-DLB1_RP3-R4_HOME_10_780P5_8_182_0XFF_N
,RF_WMSS-LOGGER_LS5_PLB1-DLB1_RP3-R4_HOME_10_881P5_4_142_0XFF_N
,RF_WMSS-LOGGER_LS77A_PUNA-DUNA_RP5-R7_HOME_10_3425P0_2_122_0XFF_N
,RF_WMSS-LOGGER_LS77A_PMUNA-DMUNA_RP5-R8_HOME_10_3425P0_2_122_0XFF_N
,RF_WMSS-LOGGER_LS77D_PUNA-DUNA_RP5-R7_HOME_10_4075P0_2_122_0XFF_N
,RF_WMSS-LOGGER_LS11_PMHB2-DMHB2_RP4-R5_HOME_10_1485P9_6_162_0XFF_N
,RF_WMSS-LOGGER_LS11_PMHB3JB-DMHB3JB-PMMHB3-DMMHB3_RP3-R3-R4_HOME_10_1485P9_4_142_0XFF_N
,RF_WMSS-LOGGER_LS11_PMHB3JB-DMHB3JB-PMMHB3-DMMHB3_RP4-R5-R6_HOME_10_1485P9_6_162_0XFF_N
,RF_WMSS-LOGGER_LS11_PMMHB2-DMMHB2_RP4-R6_HOME_10_1485P9_6_162_0XFF_N
,RF_WMSS-LOGGER_LS1-LS1_PMHB2-DMHB2-PMMHB2-DMMHB2_RP4-R5SCA1-R6SCA1_HOME_10_2120P0_4_142_0XFF_RP5-R7SCA1-R8SCA1_HOME_10_2160P0_4_142_N
,RF_WMSS-LOGGER_LS1-LS1_PMHB3JB-DMHB3JB-PMMHB3-DMMHB3_RP3-R3SCA1-R4SCA1_HOME_10_2115P0_4_242_0XFF_RP4-R5SCA1-R6SCA1_HOME_10_2165P0_4_142_N
,RF_WMSS-LOGGER_LS2_PMHB1-DMHB1-PMMHB1-DMMHB1_RP6-R9-R10_HOME_10_1960P0_4_142_0XFF_N
,RF_WMSS-LOGGER_LS2_PMHB2-DMHB2-PMMHB2-DMMHB2_RP4-R5-R6_HOME_10_1960P0_4_142_0XFF_N
,RF_WMSS-LOGGER_LS2_PMHB2-DMHB2-PMMHB2-DMMHB2_RP5-R7-R8_HOME_10_1960P0_4_142_0XFF_N
,RF_WMSS-LOGGER_LS2_PMHB3JB-DMHB3JB-PMMHB3-DMMHB3_RP3-R3-R4_HOME_10_1960P0_4_242_0XFF_N
,RF_WMSS-LOGGER_LS2_PMHB3JB-DMHB3JB-PMMHB3-DMMHB3_RP4-R5-R6_HOME_10_1960P0_4_142_0XFF_N
,RF_WMSS-LOGGER_LS40_PMHB1-DMHB1-PMMHB1-DMMHB1_RP6-R9-R10_HOME_10_2350P0_4_142_0XFF_N
,RF_WMSS-LOGGER_LS40_PMHB2-DMHB2-PMMHB2-DMMHB2_RP4-R5-R6_HOME_10_2350P0_4_142_0XFF_N
,RF_WMSS-LOGGER_LS40_PMHB2-DMHB2-PMMHB2-DMMHB2_RP5-R7-R8_HOME_10_2350P0_4_142_0XFF_N
,RF_WMSS-LOGGER_LS40_PMHB3JB-DMHB3JB-PMMHB3-DMMHB3_RP4-R5-R6_HOME_10_2350P0_4_142_0XFF_N
,RF_WMSS-LOGGER_LS40-LS40_PMHB2-DMHB2-PMMHB2-DMMHB2_RP4-R5SCA1-R6SCA1_HOME_10_2320P0_4_142_0XFF_RP5-R7SCA1-R8SCA1_HOME_10_2380P0_4_142_N
,RF_WMSS-LOGGER_LS40-LS40_PMHB3JB-DMHB3JB-PMMHB3-DMMHB3_RP3-R3SCA1-R4SCA1_HOME_10_2305P0_4_242_0XFF_RP4-R5SCA1-R6SCA1_HOME_10_2395P0_4_142_N
,RF_WMSS-LOGGER_LS46A_PMNRULAA-DMNRULAA_RP2-R2_HOME_10_5200P0_2_1222_0XFF_N
,RF_WMSS-LOGGER_LS46A_PNRULAA-DNRULAA_RP3-R3_HOME_10_5200P0_2_1222_0XFF_N
,RF_WMSS-LOGGER_LS46B_PMNRULAA-DMNRULAA_RP2-R2_HOME_10_5300P0_2_1225_0XFF_N
,RF_WMSS-LOGGER_LS46B_PNRULAA-DNRULAA_RP3-R3_HOME_10_5300P0_2_1225_0XFF_N
,RF_WMSS-LOGGER_LS46B-LS46B_PNRULAA-DNRULAA_RP2-R2SCA1_HOME_20_5260P0_2_1222_0XFF_RP3-R3SCA1_HOME_20_5340P0_2_1222_N
,RF_WMSS-LOGGER_LS46C_PMNRULAA-DMNRULAA_RP2-R2_HOME_10_5410P0_2_1222_0XFF_N
,RF_WMSS-LOGGER_LS46C_PNRULAA-DNRULAA_RP3-R3_HOME_10_5410P0_2_1222_0XFF_N
,RF_WMSS-LOGGER_LS46C-LS46C_PNRULAA-DNRULAA_RP2-R2SCA1_HOME_20_5360P0_2_1222_0XFF_RP3-R3SCA1_HOME_20_5460P0_2_1222_N
,RF_WMSS-LOGGER_LS46D_PMNRULAA-DMNRULAA_RP2-R2_HOME_10_5597P5_2_1222_0XFF_N
,RF_WMSS-LOGGER_LS46D_PNRULAA-DNRULAA_RP3-R3_HOME_10_5597P5_2_1222_0XFF_N
,RF_WMSS-LOGGER_LS46D-LS46D_PNRULAA-DNRULAA_RP2-R2SCA1_HOME_20_5480P0_2_1222_0XFF_RP3-R3SCA1_HOME_20_5715P0_2_1222_N
,RF_WMSS-LOGGER_LS46E_PMNRULAA-DMNRULAA_RP2-R2_HOME_10_5825P0_2_1222_0XFF_N
,RF_WMSS-LOGGER_LS46E_PNRULAA-DNRULAA_RP3-R3_HOME_10_5825P0_2_1222_0XFF_N
,RF_WMSS-LOGGER_LS71_PLB2MLB-DLB2MLB_RP2-R2_HOME_10_617P0_8_182_0XFF_N
,RF_WMSS-LOGGER_LS77B_PMUNA-DMUNA_RP5-R8_HOME_10_3650P0_2_122_0XFF_N
,RF_WMSS-LOGGER_LS77B_PUNA-DUNA_RP5-R7_HOME_10_3650P0_2_122_0XFF_N
,RF_WMSS-LOGGER_LS77C_PMUNA-DMUNA_RP5-R8_HOME_10_3850P0_2_122_0XFF_N
,RF_WMSS-LOGGER_LS77C_PUNA-DUNA_RP5-R7_HOME_10_3850P0_2_122_0XFF_N
,RF_WMSS-LOGGER_LS77D_PMUNA-DMUNA_RP5-R8_HOME_10_3950P0_2_122_0XFF_N
,RF_WMSS-LOGGER_LS79A_PMNA-DMNA_RP5-R8_HOME_20_4500P0_2_1122_0XFF_N
,RF_WMSS-LOGGER_LS79A_PMUNA-DMUNA_RP5-R8_HOME_20_4500P0_2_1122_0XFF_N
,RF_WMSS-LOGGER_LS79A_PNA-DNA_RP5-R7_HOME_20_4500P0_2_1122_0XFF_N
,RF_WMSS-LOGGER_LS79A_PUNA-DUNA_RP5-R7_HOME_20_4500P0_2_1122_0XFF_N
,RF_WMSS-LOGGER_LS79B_PMNA-DMNA_RP5-R8_HOME_20_4700P0_2_1122_0XFF_N
,RF_WMSS-LOGGER_LS79B_PMUNA-DMUNA_RP5-R8_HOME_20_4700P0_2_1122_0XFF_N
,RF_WMSS-LOGGER_LS79B_PNA-DNA_RP5-R7_HOME_20_4700P0_2_1122_0XFF_N
,RF_WMSS-LOGGER_LS79B_PUNA-DUNA_RP5-R7_HOME_20_4700P0_2_1122_0XFF_N
,RF_WMSS-LOGGER_LS79C_PMNA-DMNA_RP5-R8_HOME_20_4900P0_2_1122_0XFF_N
,RF_WMSS-LOGGER_LS79C_PMUNA-DMUNA_RP5-R8_HOME_20_4900P0_2_1122_0XFF_N
,RF_WMSS-LOGGER_LS79C_PNA-DNA_RP5-R7_HOME_20_4900P0_2_1122_0XFF_N
,RF_WMSS-LOGGER_LS79C_PUNA-DUNA_RP5-R7_HOME_20_4900P0_2_1122_0XFF_N
,RF_WMSS-LOGGER_LS96B_PMNRULAA-DMNRULAA_RP2-R2_HOME_20_6285P0_2_1222_0XFF_N
,RF_WMSS-LOGGER_LS96B_PNRULAA-DNRULAA_RP3-R3_HOME_20_6285P0_2_1222_0XFF_N
,RF_WMSS-LOGGER_LS96B-LS96B_PNRULAA-DNRULAA_RP2-R2SCA1_HOME_20_6175P0_2_1222_0XFF_RP3-R3SCA1_HOME_20_6395P0_2_1222_N
,RF_WMSS-LOGGER_LS96C_PMNRULAA-DMNRULAA_RP2-R2_HOME_20_6525P0_2_1225_0XFF_N
,RF_WMSS-LOGGER_LS96C_PNRULAA-DNRULAA_RP3-R3_HOME_20_6525P0_2_1225_0XFF_N
,RF_WMSS-LOGGER_LS96C-LS96C_PNRULAA-DNRULAA_RP2-R2SCA1_HOME_20_6415P0_2_1222_0XFF_RP3-R3SCA1_HOME_20_6635P0_2_1222_N
,RF_WMSS-LOGGER_LS96D_PMNRULAA-DMNRULAA_RP2-R2_HOME_20_6765P0_2_1222_0XFF_N
,RF_WMSS-LOGGER_LS96D_PNRULAA-DNRULAA_RP3-R3_HOME_20_6765P0_2_1222_0XFF_N
,RF_WMSS-LOGGER_LS96D-LS96D_PNRULAA-DNRULAA_RP2-R2SCA1_HOME_20_6655P0_2_1222_0XFF_RP3-R3SCA1_HOME_20_6875P0_2_1222_N
,RF_WMSS-LOGGER_LS8_PLB2MLB-DLB2MLB_RP2-R2_HOME_10_942P5_4_142_0XFF_N
,RF_WMSS-LOGGER_G1800_PMHB3JB-DMHB3JB_RP4-R5_HOME_1_1842P5_2_121_0XFF_N
,RF_WMSS-LOGGER_G1900_PMHB3JB-DMHB3JB_RP4-R5_HOME_1_1945P0_2_120_0XFF_N
,RF_WMSS-LOGGER_G850_PLB1-DLB1_RP4-R5_HOME_1_869P0_4_140_0XFF_N
,RF_WMSS-LOGGER_G900_PLB1-DLB1_RP4-R5_HOME_1_960P0_4_141_0XFF_N
,RF_WMSS-LOGGER_G1900_PMHB3JB-DMHB3JB_RP3-R3_HOME_1_1945P0_2_122_0XFF_N
,RF_WMSS-LOGGER_C0_PLB1-DLB1_RP3-R3_HOME_1_881P5_4_142_0XFF_N
,RF_WMSS-LOGGER_W1_PMHB3JB-DMHB3JB_RP3-R3_HOME_1_1960P0_2_122_0XFF_N
,RF_WMSS-LOGGER_W8_PLB1-DLB1_RP3-R3_HOME_1_942P5_4_142_0XFF_N
,RF_WMSS-LOGGER_W1_PMHB2-DMHB2_RP4-R5_HOME_1_1960P0_2_222_0XFF_N
,RF_WMSS-LOGGER_W1_PMHB3JB-DMHB3JB_RP3-R3_HOME_2_1960P0_2_122_0XFF_N
,RF_WMSS-LOGGER_W8_PLB1-DLB1_RP3-R3_HOME_2_942P5_4_142_0XFF_N
,RF_WMSS-LOGGER_W1_PMHB2-DMHB2_RP4-R5_HOME_2_2140P0_4_142_0XFF_N
,RF_WMSS-LOGGER_LS46A_PMNRULAA-DMNRULAA_RP2-R2_HOME_20_5150P0_2_1222_0XFF_N
,RF_WMSS-LOGGER_LS46A_PMNRULAA-DMNRULAA_RP2-R2_HOME_20_5150P0_2_222_0XFF_N
,RF_WMSS-LOGGER_LS46A_PMNRULAA-DMNRULAA_RP2-R2_HOME_20_5250P0_2_1222_0XFF_N
,RF_WMSS-LOGGER_LS46B_PMNRULAA-DMNRULAA_RP2-R2_HOME_20_5350P0_2_1222_0XFF_N
,RF_WMSS-LOGGER_LS46B_PMNRULAA-DMNRULAA_RP2-R2_HOME_20_5350P0_2_222_0XFF_N
,RF_WMSS-LOGGER_LS46C_PMNRULAA-DMNRULAA_RP2-R2_HOME_20_5470P0_2_1222_0XFF_N
,RF_WMSS-LOGGER_LS46C_PMNRULAA-DMNRULAA_RP2-R2_HOME_20_5550P0_2_222_0XFF_N
,RF_WMSS-LOGGER_LS46D_PMNRULAA-DMNRULAA_RP2-R2_HOME_20_5725P0_2_1222_0XFF_N
,RF_WMSS-LOGGER_LS46E_PMNRULAA-DMNRULAA_RP2-R2_HOME_20_5925P0_2_1222_0XFF_N
,RF_WMSS-LOGGER_LS46E_PMNRULAA-DMNRULAA_RP2-R2_HOME_20_5925P0_2_222_0XFF_N
,RF_WMSS-LOGGER_LS79A_PMNRULAA-DMNRULAA_RP2-R2_HOME_20_4400P0_2_1222_0XFF_N
,RF_WMSS-LOGGER_LS79B_PMNRULAA-DMNRULAA_RP2-R2_HOME_20_4600P0_2_1222_0XFF_N
,RF_WMSS-LOGGER_LS79C_PMNRULAA-DMNRULAA_RP2-R2_HOME_20_4900P0_2_1222_0XFF_N
,RF_WMSS-LOGGER_LS96A_PMNRULAA-DMNRULAA_RP2-R2_HOME_20_5925P0_2_1222_0XFF_N
,RF_WMSS-LOGGER_LS96A_PMNRULAA-DMNRULAA_RP2-R2_HOME_20_5925P0_2_222_0XFF_N
,RF_WMSS-LOGGER_LS96A_PMNRULAA-DMNRULAA_RP2-R2_HOME_20_6165P0_2_1222_0XFF_N
,RF_WMSS-LOGGER_LS96B_PMNRULAA-DMNRULAA_RP2-R2_HOME_20_6405P0_2_1222_0XFF_N
,RF_WMSS-LOGGER_LS96B_PMNRULAA-DMNRULAA_RP2-R2_HOME_20_6405P0_2_222_0XFF_N
,RF_WMSS-LOGGER_LS96C_PMNRULAA-DMNRULAA_RP2-R2_HOME_20_6642P2_2_222_0XFF_N
,RF_WMSS-LOGGER_LS96C_PMNRULAA-DMNRULAA_RP2-R2_HOME_20_6645P0_2_1222_0XFF_N
,RF_WMSS-LOGGER_LS96D_PMNRULAA-DMNRULAA_RP2-R2_HOME_20_6800P0_2_1222_0XFF_N
,RF_WMSS-LOGGER_LS96D_PMNRULAA-DMNRULAA_RP2-R2_HOME_20_6885P0_2_1222_0XFF_N
,RF_WMSS-LOGGER_LS96E_PMNRULAA-DMNRULAA_RP2-R2_HOME_20_7125P0_2_1222_0XFF_N
,RF_WMSS-LOGGER_LS96E_PMNRULAA-DMNRULAA_RP2-R2_HOME_20_7125P0_2_222_0XFF_N
,RF_WMSS-LOGGER_LS38_PMHB4-DMHB4_RP1-R1_HOME_10_2620P0_2_122_0XFF_N
,RF_WMSS-LOGGER_LS38_PMHB4-DMHB4_RP1-R1_HOME_10_2620P0_4_242_0XFF_N
,RF_WMSS-LOGGER_LS38_PMHB4-DMHB4_RP1-R1_HOME_20_2595P0_2_122_0XFF_N
,RF_WMSS-LOGGER_LS38_PMHB4-DMHB4_RP1-R1_HOME_20_2595P0_4_242_0XFF_N
,RF_WMSS-LOGGER_LS38_PMMHB4-DMMHB4_RP0-R0_HOME_10_2620P0_4_242_0XFF_N
,RF_WMSS-LOGGER_LS38_PMMHB4-DMMHB4_RP0-R0_HOME_20_2595P0_4_242_0XFF_N
,RF_WMSS-LOGGER_LS40_PMHB4-DMHB4_RP1-R1_HOME_10_2400P0_2_122_0XFF_N
,RF_WMSS-LOGGER_LS40_PMHB4-DMHB4_RP1-R1_HOME_10_2400P0_4_243_0XFF_N
,RF_WMSS-LOGGER_LS40_PMHB4-DMHB4_RP1-R1_HOME_20_2350P0_2_122_0XFF_N
,RF_WMSS-LOGGER_LS40_PMHB4-DMHB4_RP1-R1_HOME_20_2350P0_4_242_0XFF_N
,RF_WMSS-LOGGER_LS40_PMMHB4-DMMHB4_RP0-R0_HOME_10_2400P0_4_243_0XFF_N
,RF_WMSS-LOGGER_LS41_PMHB4-DMHB4_RP1-R1_HOME_10_2690P0_2_122_0XFF_N
,RF_WMSS-LOGGER_LS41_PMHB4-DMHB4_RP1-R1_HOME_10_2690P0_4_242_0XFF_N
,RF_WMSS-LOGGER_LS41_PMHB4-DMHB4_RP1-R1_HOME_20_2593P0_2_122_0XFF_N
,RF_WMSS-LOGGER_LS41_PMHB4-DMHB4_RP1-R1_HOME_20_2593P0_4_242_0XFF_N
,RF_WMSS-LOGGER_LS41_PMMHB4-DMMHB4_RP0-R0_HOME_10_2690P0_4_242_0XFF_N
,RF_WMSS-LOGGER_LS41_PMMHB4-DMMHB4_RP0-R0_HOME_20_2590P0_4_242_0XFF_N
,RF_WMSS-LOGGER_LS47_PMNRULAA-DMNRULAA_RP2-R2_HOME_20_5925P0_2_1222_0XFF_N
,RF_WMSS-LOGGER_LS79A_PMNRULAA-DMNRULAA_RP2-R2_HOME_20_4400P0_2_1222_0XFF_N
,RF_WMSS-LOGGER_LS79B_PMNRULAA-DMNRULAA_RP2-R2_HOME_20_4600P0_2_1222_0XFF_N
,RF_WMSS-LOGGER_LS79C_PMNRULAA-DMNRULAA_RP2-R2_HOME_20_4900P0_2_1222_0XFF_N
,RF_WMSS-LOGGER_LS12-LS12_PLB2MLB-DLB2MLB_RP2-R2SCA1_HOME_5_731P5_8_182_0XFF_RP3-R3SCA1_HOME_5_743P5_8_182_N
,RF_WMSS-LOGGER_LS12-LS12_PLB2MLB-DLB2MLB_RP2-R2SCA1_HOME_5_734P0_6_162_0XFF_RP3-R3SCA1_HOME_5_741P0_6_162_N
,RF_WMSS-LOGGER_LS5-LS5_PLB2MLB-DLB2MLB_RP2-R2SCA1_HOME_10_874P0_4_142_0XFF_RP3-R3SCA1_HOME_10_889P0_4_142_N
,RF_WMSS-LOGGER_LS5-LS5_PLB2MLB-DLB2MLB_RP2-R2SCA1_HOME_5_874P0_4_142_0XFF_RP3-R3SCA1_HOME_5_889P0_4_142_N
,RF_WMSS-LOGGER_LS71-LS71_PLB2MLB-DLB2MLB_RP2-R2SCA1_HOME_20_627P0_6_163_0XFF_RP3-R3SCA1_HOME_20_642P0_6_162_N
,RF_WMSS-LOGGER_LS71-LS71_PLB2MLB-DLB2MLB_RP2-R2SCA1_HOME_20_627P0_8_182_0XFF_RP3-R3SCA1_HOME_20_642P0_8_182_N
,RF_WMSS-LOGGER_LS71-LS71_PLB2MLB-DLB2MLB_RP2-R2SCA1_HOME_5_619P5_8_182_0XFF_RP3-R3SCA1_HOME_5_649P5_8_182_N
,RF_WMSS-LOGGER_LS71-LS71_PLB2MLB-DLB2MLB_RP2-R2SCA1_HOME_5_622P0_6_162_0XFF_RP3-R3SCA1_HOME_5_647P0_6_162_N
,RF_WMSS-LOGGER_LS1_PMHB4-DMHB4_RP1-R1_HOME_10_2168P0_4_242_0XFF_N
,RF_WMSS-LOGGER_LS1_PMHB4-DMHB4_RP1-R1_HOME_10_2170P0_2_122_0XFF_N
,RF_WMSS-LOGGER_LS1_PMMHB4-DMMHB4_RP0-R0_HOME_10_2168P0_4_242_0XFF_N
,RF_WMSS-LOGGER_LS1_PMMHB4-DMMHB4_RP0-R0_HOME_10_2170P0_4_1242_0XFF_N
,RF_WMSS-LOGGER_LS11_PLB2MLB-DLB2MLB_RP2-R2_HOME_10_1496P0_4_142_0XFF_N
,RF_WMSS-LOGGER_LS13_PLB2MLB-DLB2MLB_RP2-R2_HOME_10_746P0_6_162_0XFF_N
,RF_WMSS-LOGGER_LS13_PLB2MLB-DLB2MLB_RP2-R2_HOME_10_746P0_8_182_0XFF_N
,RF_WMSS-LOGGER_LS14_PLB2MLB-DLB2MLB_RP2-R2_HOME_10_758P0_6_162_0XFF_N
,RF_WMSS-LOGGER_LS14_PLB2MLB-DLB2MLB_RP2-R2_HOME_10_763P0_8_182_0XFF_N
,RF_WMSS-LOGGER_LS2_PMHB4-DMHB4_RP1-R1_HOME_10_1990P0_2_122_0XFF_N
,RF_WMSS-LOGGER_LS2_PMHB4-DMHB4_RP1-R1_HOME_10_1990P0_4_242_0XFF_N
,RF_WMSS-LOGGER_LS2_PMMHB4-DMMHB4_RP0-R0_HOME_10_1990P0_4_242_0XFF_N
,RF_WMSS-LOGGER_LS20_PLB2MLB-DLB2MLB_RP2-R2_HOME_10_791P0_6_162_0XFF_N
,RF_WMSS-LOGGER_LS20_PLB2MLB-DLB2MLB_RP2-R2_HOME_10_791P0_8_182_0XFF_N
,RF_WMSS-LOGGER_LS21_PLB2MLB-DLB2MLB_RP2-R2_HOME_10_1510P0_4_142_0XFF_N
,RF_WMSS-LOGGER_LS25_PMHB4-DMHB4_RP1-R1_HOME_10_1995P0_2_122_0XFF_N
,RF_WMSS-LOGGER_LS25_PMHB4-DMHB4_RP1-R1_HOME_10_1995P0_4_242_0XFF_N
,RF_WMSS-LOGGER_LS25_PMMHB4-DMMHB4_RP0-R0_HOME_10_1995P0_4_242_0XFF_N
,RF_WMSS-LOGGER_LS28_PLB2MLB-DLB2MLB_RP2-R2_HOME_10_803P0_6_162_0XFF_N
,RF_WMSS-LOGGER_LS28_PLB2MLB-DLB2MLB_RP2-R2_HOME_10_803P0_8_182_0XFF_N
,RF_WMSS-LOGGER_LS3_PMHB4-DMHB4_RP1-R1_HOME_10_1880P0_2_122_0XFF_N
,RF_WMSS-LOGGER_LS3_PMHB4-DMHB4_RP1-R1_HOME_10_1880P0_4_242_0XFF_N
,RF_WMSS-LOGGER_LS3_PMMHB4-DMMHB4_RP0-R0_HOME_10_1880P0_4_242_0XFF_N
,RF_WMSS-LOGGER_LS30_PMHB4-DMHB4_RP1-R1_HOME_10_2360P0_2_122_0XFF_N
,RF_WMSS-LOGGER_LS30_PMHB4-DMHB4_RP1-R1_HOME_10_2360P0_4_242_0XFF_N
,RF_WMSS-LOGGER_LS30_PMMHB4-DMMHB4_RP0-R0_HOME_10_2360P0_4_242_0XFF_N
,RF_WMSS-LOGGER_LS5_PLB2MLB-DLB2MLB_RP2-R2_HOME_10_894P0_4_142_0XFF_N
,RF_WMSS-LOGGER_LS5_PLB2MLB-DLB2MLB_RP2-R2_HOME_10_894P0_6_162_0XFF_N
,RF_WMSS-LOGGER_LS7_PMHB4-DMHB4_RP1-R1_HOME_10_2690P0_2_122_0XFF_N
,RF_WMSS-LOGGER_LS7_PMHB4-DMHB4_RP1-R1_HOME_10_2690P0_4_242_0XFF_N
,RF_WMSS-LOGGER_LS7_PMMHB4-DMMHB4_RP0-R0_HOME_10_2690P0_4_242_0XFF_N
,RF_WMSS-LOGGER_LS71_PLB2MLB-DLB2MLB_RP2-R2_HOME_10_625P0_6_162_0XFF_N
,RF_WMSS-LOGGER_LS71_PLB2MLB-DLB2MLB_RP2-R2_HOME_10_625P0_8_182_0XFF_N
,RF_WMSS-LOGGER_LS8_PLB2MLB-DLB2MLB_RP2-R2_HOME_10_958P0_4_142_0XFF_N
,RF_WMSS-LOGGER_LS8_PLB2MLB-DLB2MLB_RP2-R2_HOME_10_958P0_6_162_0XFF_N
,RF_WMSS-LOGGER_LS46A_PNRULAA-DNRULAA_RP3-R3_HOME_20_5150P0_2_1222_0XFF_N
,RF_WMSS-LOGGER_LS46A_PNRULAA-DNRULAA_RP3-R3_HOME_20_5150P0_2_222_0XFF_N
,RF_WMSS-LOGGER_LS46A_PNRULAA-DNRULAA_RP3-R3_HOME_20_5250P0_2_1222_0XFF_N
,RF_WMSS-LOGGER_LS46B_PNRULAA-DNRULAA_RP3-R3_HOME_20_5350P0_2_1222_0XFF_N
,RF_WMSS-LOGGER_LS46B_PNRULAA-DNRULAA_RP3-R3_HOME_20_5350P0_2_222_0XFF_N
,RF_WMSS-LOGGER_LS46C_PNRULAA-DNRULAA_RP3-R3_HOME_20_5470P0_2_1222_0XFF_N
,RF_WMSS-LOGGER_LS46C_PNRULAA-DNRULAA_RP3-R3_HOME_20_5550P0_2_222_0XFF_N
,RF_WMSS-LOGGER_LS46D_PNRULAA-DNRULAA_RP3-R3_HOME_20_5725P0_2_1222_0XFF_N
,RF_WMSS-LOGGER_LS46E_PNRULAA-DNRULAA_RP3-R3_HOME_20_5925P0_2_1222_0XFF_N
,RF_WMSS-LOGGER_LS46E_PNRULAA-DNRULAA_RP3-R3_HOME_20_5925P0_2_222_0XFF_N
,RF_WMSS-LOGGER_LS77A_PMHB3JB-DMHB3JB-PMMHB3-DMMHB3_RP3-R3-R4_HOME_20_3300P0_2_225_0XFF_N
,RF_WMSS-LOGGER_LS77A_PMHB3JB-DMHB3JB-PMMHB3-DMMHB3_RP3-R3-R4_HOME_20_3550P0_2_222_0XFF_N
,RF_WMSS-LOGGER_LS77A_PMHB3JB-DMHB3JB-PMMHB3-DMMHB3_RP4-R5-R6_HOME_20_3425P0_2_122_0XFF_N
,RF_WMSS-LOGGER_LS77A_PUNA-DUNA-PMUNA-DMUNA_RP4-R5-R6_HOME_20_3300P0_2_125_0XFF_N
,RF_WMSS-LOGGER_LS77A_PUNA-DUNA-PMUNA-DMUNA_RP4-R5-R6_HOME_20_3550P0_2_122_0XFF_N
,RF_WMSS-LOGGER_LS77A_PUNA-DUNA-PMUNA-DMUNA_RP5-R7-R8_HOME_20_3300P0_2_125_0XFF_N
,RF_WMSS-LOGGER_LS77A_PUNA-DUNA-PMUNA-DMUNA_RP5-R7-R8_HOME_20_3550P0_2_122_0XFF_N
,RF_WMSS-LOGGER_LS77A_PUNA-DUNA-PMUNA-DMUNA_RP6-R9-R10_HOME_20_3300P0_2_125_0XFF_N
,RF_WMSS-LOGGER_LS77A_PUNA-DUNA-PMUNA-DMUNA_RP6-R9-R10_HOME_20_3550P0_2_122_0XFF_N
,RF_WMSS-LOGGER_LS77B_PMHB3JB-DMHB3JB-PMMHB3-DMMHB3_RP3-R3-R4_HOME_20_3750P0_2_222_0XFF_N
,RF_WMSS-LOGGER_LS77B_PMHB3JB-DMHB3JB-PMMHB3-DMMHB3_RP4-R5-R6_HOME_20_3650P0_2_122_0XFF_N
,RF_WMSS-LOGGER_LS77B_PUNA-DUNA-PMUNA-DMUNA_RP4-R5-R6_HOME_20_3750P0_2_122_0XFF_N
,RF_WMSS-LOGGER_LS77B_PUNA-DUNA-PMUNA-DMUNA_RP5-R7-R8_HOME_20_3750P0_2_122_0XFF_N
,RF_WMSS-LOGGER_LS77B_PUNA-DUNA-PMUNA-DMUNA_RP6-R9-R10_HOME_20_3750P0_2_122_0XFF_N
,RF_WMSS-LOGGER_LS77C_PMHB3JB-DMHB3JB-PMMHB3-DMMHB3_RP3-R3-R4_HOME_20_3950P0_2_222_0XFF_N
,RF_WMSS-LOGGER_LS77C_PMHB3JB-DMHB3JB-PMMHB3-DMMHB3_RP4-R5-R6_HOME_20_3850P0_2_122_0XFF_N
,RF_WMSS-LOGGER_LS77C_PUNA-DUNA-PMUNA-DMUNA_RP4-R5-R6_HOME_20_3950P0_2_122_0XFF_N
,RF_WMSS-LOGGER_LS77C_PUNA-DUNA-PMUNA-DMUNA_RP5-R7-R8_HOME_20_3950P0_2_122_0XFF_N
,RF_WMSS-LOGGER_LS77C_PUNA-DUNA-PMUNA-DMUNA_RP6-R9-R10_HOME_20_3950P0_2_122_0XFF_N
,RF_WMSS-LOGGER_LS77D_PMHB3JB-DMHB3JB-PMMHB3-DMMHB3_RP3-R3-R4_HOME_20_4200P0_2_222_0XFF_N
,RF_WMSS-LOGGER_LS77D_PMHB3JB-DMHB3JB-PMMHB3-DMMHB3_RP4-R5-R6_HOME_20_4075P0_2_122_0XFF_N
,RF_WMSS-LOGGER_LS77D_PUNA-DUNA-PMUNA-DMUNA_RP4-R5-R6_HOME_20_4200P0_2_122_0XFF_N
,RF_WMSS-LOGGER_LS77D_PUNA-DUNA-PMUNA-DMUNA_RP5-R7-R8_HOME_20_4200P0_2_122_0XFF_N
,RF_WMSS-LOGGER_LS77D_PUNA-DUNA-PMUNA-DMUNA_RP6-R9-R10_HOME_20_4200P0_2_122_0XFF_N
,RF_WMSS-LOGGER_LS79A_PNA-DNA-PMNA-DMNA_RP5-R7-R8_HOME_20_4400P0_2_1122_0XFF_N
,RF_WMSS-LOGGER_LS79A_PNA-DNA-PMNA-DMNA_RP5-R7-R8_HOME_20_4600P0_2_1122_0XFF_N
,RF_WMSS-LOGGER_LS79A_PNA-DNA-PMNA-DMNA_RP6-R9-R10_HOME_20_4400P0_2_1122_0XFF_N
,RF_WMSS-LOGGER_LS79A_PNA-DNA-PMNA-DMNA_RP6-R9-R10_HOME_20_4500P0_2_1122_0XFF_N
,RF_WMSS-LOGGER_LS79A_PNRULAA-DNRULAA_RP3-R3_HOME_20_4400P0_2_1222_0XFF_N
,RF_WMSS-LOGGER_LS79A_PUNA-DUNA-PMUNA-DMUNA_RP4-R5-R6_HOME_20_4600P0_2_1122_0XFF_N
,RF_WMSS-LOGGER_LS79B_PNA-DNA-PMNA-DMNA_RP5-R7-R8_HOME_20_4798P0_2_1122_0XFF_N
,RF_WMSS-LOGGER_LS79B_PNA-DNA-PMNA-DMNA_RP5-R7-R8_HOME_20_4800P0_2_125_0XFF_N
,RF_WMSS-LOGGER_LS79B_PNA-DNA-PMNA-DMNA_RP6-R9-R10_HOME_20_4798P0_2_1122_0XFF_N
,RF_WMSS-LOGGER_LS79B_PNRULAA-DNRULAA_RP3-R3_HOME_20_4600P0_2_1222_0XFF_N
,RF_WMSS-LOGGER_LS79B_PUNA-DUNA-PMUNA-DMUNA_RP4-R5-R6_HOME_20_4798P0_2_1122_0XFF_N
,RF_WMSS-LOGGER_LS79B_PUNA-DUNA-PMUNA-DMUNA_RP4-R5-R6_HOME_20_4800P0_2_125_0XFF_N
,RF_WMSS-LOGGER_LS79C_PNA-DNA-PMNA-DMNA_RP5-R7-R8_HOME_20_5000P0_2_1122_0XFF_N
,RF_WMSS-LOGGER_LS79C_PNA-DNA-PMNA-DMNA_RP6-R9-R10_HOME_20_5000P0_2_1122_0XFF_N
,RF_WMSS-LOGGER_LS79C_PNRULAA-DNRULAA_RP3-R3_HOME_20_4900P0_2_1222_0XFF_N
,RF_WMSS-LOGGER_LS79C_PUNA-DUNA-PMUNA-DMUNA_RP4-R5-R6_HOME_20_5000P0_2_1122_0XFF_N
,RF_WMSS-LOGGER_LS96A_PNRULAA-DNRULAA_RP3-R3_HOME_20_5925P0_2_1222_0XFF_N
,RF_WMSS-LOGGER_LS96A_PNRULAA-DNRULAA_RP3-R3_HOME_20_5925P0_2_222_0XFF_N
,RF_WMSS-LOGGER_LS96A_PNRULAA-DNRULAA_RP3-R3_HOME_20_6165P0_2_1222_0XFF_N
,RF_WMSS-LOGGER_LS96B_PNRULAA-DNRULAA_RP3-R3_HOME_20_6405P0_2_1222_0XFF_N
,RF_WMSS-LOGGER_LS96B_PNRULAA-DNRULAA_RP3-R3_HOME_20_6405P0_2_222_0XFF_N
,RF_WMSS-LOGGER_LS96C_PNRULAA-DNRULAA_RP3-R3_HOME_20_6499P0_2_222_0XFF_N
,RF_WMSS-LOGGER_LS96C_PNRULAA-DNRULAA_RP3-R3_HOME_20_6645P0_2_1222_0XFF_N
,RF_WMSS-LOGGER_LS96D_PNRULAA-DNRULAA_RP3-R3_HOME_20_6800P0_2_222_0XFF_N
,RF_WMSS-LOGGER_LS96D_PNRULAA-DNRULAA_RP3-R3_HOME_20_6885P0_2_1222_0XFF_N
,RF_WMSS-LOGGER_LS96E_PNRULAA-DNRULAA_RP3-R3_HOME_20_7125P0_2_1222_0XFF_N
,RF_WMSS-LOGGER_LS96E_PNRULAA-DNRULAA_RP3-R3_HOME_20_7125P0_2_222_0XFF_N
,RF_WMSS-LOGGER_LS38_PMHB1-DMHB1-PMMHB1-DMMHB1_RP6-R9-R10_HOME_10_2620P0_2_222_0XFF_N
,RF_WMSS-LOGGER_LS38_PMHB1-DMHB1-PMMHB1-DMMHB1_RP6-R9-R10_HOME_20_2595P0_2_222_0XFF_N
,RF_WMSS-LOGGER_LS38_PMHB2-DMHB2-PMMHB2-DMMHB2_RP4-R5-R6_HOME_20_2595P0_2_222_0XFF_N
,RF_WMSS-LOGGER_LS38_PMHB2-DMHB2-PMMHB2-DMMHB2_RP5-R7-R8_HOME_10_2620P0_2_222_0XFF_N
,RF_WMSS-LOGGER_LS38_PMHB2-DMHB2-PMMHB2-DMMHB2_RP5-R7-R8_HOME_20_2595P0_2_222_0XFF_N
,RF_WMSS-LOGGER_LS38_PMHB3JB-DMHB3JB-PMMHB3-DMMHB3_RP3-R3-R4_HOME_10_2620P0_2_122_0XFF_N
,RF_WMSS-LOGGER_LS38_PMHB3JB-DMHB3JB-PMMHB3-DMMHB3_RP3-R3-R4_HOME_10_2620P0_4_242_0XFF_N
,RF_WMSS-LOGGER_LS38_PMHB3JB-DMHB3JB-PMMHB3-DMMHB3_RP3-R3-R4_HOME_20_2595P0_2_122_0XFF_N
,RF_WMSS-LOGGER_LS38_PMHB3JB-DMHB3JB-PMMHB3-DMMHB3_RP3-R3-R4_HOME_20_2595P0_4_242_0XFF_N
,RF_WMSS-LOGGER_LS38_PMHB3JB-DMHB3JB-PMMHB3-DMMHB3_RP4-R5-R6_HOME_10_2620P0_2_222_0XFF_N
,RF_WMSS-LOGGER_LS40_PMHB1-DMHB1-PMMHB1-DMMHB1_RP6-R9-R10_HOME_10_2400P0_2_222_0XFF_N
,RF_WMSS-LOGGER_LS40_PMHB1-DMHB1-PMMHB1-DMMHB1_RP6-R9-R10_HOME_10_2400P0_4_143_0XFF_N
,RF_WMSS-LOGGER_LS40_PMHB1-DMHB1-PMMHB1-DMMHB1_RP6-R9-R10_HOME_20_2350P0_2_222_0XFF_N
,RF_WMSS-LOGGER_LS40_PMHB1-DMHB1-PMMHB1-DMMHB1_RP6-R9-R10_HOME_20_2350P0_4_142_0XFF_N
,RF_WMSS-LOGGER_LS40_PMHB2-DMHB2-PMMHB2-DMMHB2_RP4-R5-R6_HOME_20_2350P0_2_222_0XFF_N
,RF_WMSS-LOGGER_LS40_PMHB2-DMHB2-PMMHB2-DMMHB2_RP4-R5-R6_HOME_20_2350P0_4_142_0XFF_N
,RF_WMSS-LOGGER_LS40_PMHB2-DMHB2-PMMHB2-DMMHB2_RP5-R7-R8_HOME_10_2400P0_2_222_0XFF_N
,RF_WMSS-LOGGER_LS40_PMHB2-DMHB2-PMMHB2-DMMHB2_RP5-R7-R8_HOME_10_2400P0_4_143_0XFF_N
,RF_WMSS-LOGGER_LS40_PMHB2-DMHB2-PMMHB2-DMMHB2_RP5-R7-R8_HOME_20_2350P0_2_222_0XFF_N
,RF_WMSS-LOGGER_LS40_PMHB2-DMHB2-PMMHB2-DMMHB2_RP5-R7-R8_HOME_20_2350P0_4_142_0XFF_N
,RF_WMSS-LOGGER_LS40_PMHB3JB-DMHB3JB-PMMHB3-DMMHB3_RP3-R3-R4_HOME_10_2350P0_4_242_0XFF_N
,RF_WMSS-LOGGER_LS40_PMHB3JB-DMHB3JB-PMMHB3-DMMHB3_RP3-R3-R4_HOME_10_2400P0_2_122_0XFF_N
,RF_WMSS-LOGGER_LS40_PMHB3JB-DMHB3JB-PMMHB3-DMMHB3_RP3-R3-R4_HOME_10_2400P0_4_243_0XFF_N
,RF_WMSS-LOGGER_LS40_PMHB3JB-DMHB3JB-PMMHB3-DMMHB3_RP3-R3-R4_HOME_20_2350P0_2_122_0XFF_N
,RF_WMSS-LOGGER_LS40_PMHB3JB-DMHB3JB-PMMHB3-DMMHB3_RP3-R3-R4_HOME_20_2350P0_4_242_0XFF_N
,RF_WMSS-LOGGER_LS40_PMHB3JB-DMHB3JB-PMMHB3-DMMHB3_RP4-R5-R6_HOME_10_2400P0_2_222_0XFF_N
,RF_WMSS-LOGGER_LS40_PMHB3JB-DMHB3JB-PMMHB3-DMMHB3_RP4-R5-R6_HOME_10_2400P0_4_143_0XFF_N
,RF_WMSS-LOGGER_LS41_PMHB1-DMHB1-PMMHB1-DMMHB1_RP6-R9-R10_HOME_10_2690P0_2_222_0XFF_N
,RF_WMSS-LOGGER_LS41_PMHB1-DMHB1-PMMHB1-DMMHB1_RP6-R9-R10_HOME_20_2593P0_2_222_0XFF_N
,RF_WMSS-LOGGER_LS41_PMHB2-DMHB2-PMMHB2-DMMHB2_RP4-R5-R6_HOME_20_2593P0_2_222_0XFF_N
,RF_WMSS-LOGGER_LS41_PMHB2-DMHB2-PMMHB2-DMMHB2_RP5-R7-R8_HOME_10_2690P0_2_222_0XFF_N
,RF_WMSS-LOGGER_LS41_PMHB2-DMHB2-PMMHB2-DMMHB2_RP5-R7-R8_HOME_20_2593P0_2_222_0XFF_N
,RF_WMSS-LOGGER_LS41_PMHB3JB-DMHB3JB-PMMHB3-DMMHB3_RP3-R3-R4_HOME_10_2690P0_2_122_0XFF_N
,RF_WMSS-LOGGER_LS41_PMHB3JB-DMHB3JB-PMMHB3-DMMHB3_RP3-R3-R4_HOME_10_2690P0_4_242_0XFF_N
,RF_WMSS-LOGGER_LS41_PMHB3JB-DMHB3JB-PMMHB3-DMMHB3_RP3-R3-R4_HOME_20_2590P0_2_122_0XFF_N
,RF_WMSS-LOGGER_LS41_PMHB3JB-DMHB3JB-PMMHB3-DMMHB3_RP3-R3-R4_HOME_20_2590P0_4_242_0XFF_N
,RF_WMSS-LOGGER_LS41_PMHB3JB-DMHB3JB-PMMHB3-DMMHB3_RP4-R5-R6_HOME_10_2690P0_2_222_0XFF_N
,RF_WMSS-LOGGER_LS42_PUNA-DUNA-PMUNA-DMUNA_RP4-R5-R6_HOME_20_3600P0_2_122_0XFF_N
,RF_WMSS-LOGGER_LS42_PUNA-DUNA-PMUNA-DMUNA_RP4-R5-R6_HOME_80_3500P0_2_122_0XFF_N
,RF_WMSS-LOGGER_LS42_PUNA-DUNA-PMUNA-DMUNA_RP5-R7-R8_HOME_20_3600P0_2_122_0XFF_N
,RF_WMSS-LOGGER_LS42_PUNA-DUNA-PMUNA-DMUNA_RP5-R7-R8_HOME_80_3500P0_2_122_0XFF_N
,RF_WMSS-LOGGER_LS42_PUNA-DUNA-PMUNA-DMUNA_RP6-R9-R10_HOME_20_3500P0_2_122_0XFF_N
,RF_WMSS-LOGGER_LS42_PUNA-DUNA-PMUNA-DMUNA_RP6-R9-R10_HOME_80_3500P0_2_122_0XFF_N
,RF_WMSS-LOGGER_LS43_PUNA-DUNA-PMUNA-DMUNA_RP4-R5-R6_HOME_20_3800P0_2_122_0XFF_N
,RF_WMSS-LOGGER_LS43_PUNA-DUNA-PMUNA-DMUNA_RP5-R7-R8_HOME_20_3800P0_2_122_0XFF_N
,RF_WMSS-LOGGER_LS43_PUNA-DUNA-PMUNA-DMUNA_RP6-R9-R10_HOME_20_3700P0_2_122_0XFF_N
,RF_WMSS-LOGGER_LS47_PNRULAA-DNRULAA_RP3-R3_HOME_20_5925P0_2_1222_0XFF_N
,RF_WMSS-LOGGER_LS48_PUNA-DUNA-PMUNA-DMUNA_RP4-R5-R6_HOME_20_3700P0_2_122_0XFF_N
,RF_WMSS-LOGGER_LS48_PUNA-DUNA-PMUNA-DMUNA_RP4-R5-R6_HOME_80_3625P0_2_122_0XFF_N
,RF_WMSS-LOGGER_LS48_PUNA-DUNA-PMUNA-DMUNA_RP5-R7-R8_HOME_20_3700P0_2_122_0XFF_N
,RF_WMSS-LOGGER_LS48_PUNA-DUNA-PMUNA-DMUNA_RP5-R7-R8_HOME_80_3625P0_2_122_0XFF_N
,RF_WMSS-LOGGER_LS48_PUNA-DUNA-PMUNA-DMUNA_RP6-R9-R10_HOME_20_3625P0_2_122_0XFF_N
,RF_WMSS-LOGGER_LS48_PUNA-DUNA-PMUNA-DMUNA_RP6-R9-R10_HOME_80_3625P0_2_122_0XFF_N
,RF_WMSS-LOGGER_LS49_PUNA-DUNA-PMUNA-DMUNA_RP4-R5-R6_HOME_20_3700P0_2_122_0XFF_N
,RF_WMSS-LOGGER_LS49_PUNA-DUNA-PMUNA-DMUNA_RP5-R7-R8_HOME_20_3700P0_2_122_0XFF_N
,RF_WMSS-LOGGER_LS49_PUNA-DUNA-PMUNA-DMUNA_RP6-R9-R10_HOME_20_3625P0_2_122_0XFF_N
,RF_WMSS-LOGGER_LS77A_PMHB3JB-DMHB3JB-PMMHB3-DMMHB3_RP3-R3-R4_HOME_20_3300P0_2_225_0XFF_N
,RF_WMSS-LOGGER_LS77A_PMHB3JB-DMHB3JB-PMMHB3-DMMHB3_RP3-R3-R4_HOME_20_3550P0_2_222_0XFF_N
,RF_WMSS-LOGGER_LS77A_PMHB3JB-DMHB3JB-PMMHB3-DMMHB3_RP4-R5-R6_HOME_20_3425P0_2_122_0XFF_N
,RF_WMSS-LOGGER_LS77A_PUNA-DUNA-PMUNA-DMUNA_RP4-R5-R6_HOME_20_3550P0_2_122_0XFF_N
,RF_WMSS-LOGGER_LS77A_PUNA-DUNA-PMUNA-DMUNA_RP5-R7-R8_HOME_20_3300P0_2_125_0XFF_N
,RF_WMSS-LOGGER_LS77A_PUNA-DUNA-PMUNA-DMUNA_RP5-R7-R8_HOME_20_3550P0_2_122_0XFF_N
,RF_WMSS-LOGGER_LS77A_PUNA-DUNA-PMUNA-DMUNA_RP6-R9-R10_HOME_20_3300P0_2_125_0XFF_N
,RF_WMSS-LOGGER_LS77A_PUNA-DUNA-PMUNA-DMUNA_RP6-R9-R10_HOME_20_3550P0_2_122_0XFF_N
,RF_WMSS-LOGGER_LS77B_PMHB3JB-DMHB3JB-PMMHB3-DMMHB3_RP3-R3-R4_HOME_20_3750P0_2_222_0XFF_N
,RF_WMSS-LOGGER_LS77B_PMHB3JB-DMHB3JB-PMMHB3-DMMHB3_RP4-R5-R6_HOME_20_3650P0_2_122_0XFF_N
,RF_WMSS-LOGGER_LS77B_PUNA-DUNA-PMUNA-DMUNA_RP4-R5-R6_HOME_20_3750P0_2_122_0XFF_N
,RF_WMSS-LOGGER_LS77B_PUNA-DUNA-PMUNA-DMUNA_RP5-R7-R8_HOME_20_3750P0_2_122_0XFF_N
,RF_WMSS-LOGGER_LS77B_PUNA-DUNA-PMUNA-DMUNA_RP6-R9-R10_HOME_20_3750P0_2_122_0XFF_N
,RF_WMSS-LOGGER_LS77C_PMHB3JB-DMHB3JB-PMMHB3-DMMHB3_RP3-R3-R4_HOME_20_3950P0_2_222_0XFF_N
,RF_WMSS-LOGGER_LS77C_PMHB3JB-DMHB3JB-PMMHB3-DMMHB3_RP4-R5-R6_HOME_20_3850P0_2_122_0XFF_N
,RF_WMSS-LOGGER_LS77C_PUNA-DUNA-PMUNA-DMUNA_RP4-R5-R6_HOME_20_3950P0_2_122_0XFF_N
,RF_WMSS-LOGGER_LS77C_PUNA-DUNA-PMUNA-DMUNA_RP5-R7-R8_HOME_20_3950P0_2_122_0XFF_N
,RF_WMSS-LOGGER_LS77C_PUNA-DUNA-PMUNA-DMUNA_RP6-R9-R10_HOME_20_3950P0_2_122_0XFF_N
,RF_WMSS-LOGGER_LS77D_PMHB3JB-DMHB3JB-PMMHB3-DMMHB3_RP3-R3-R4_HOME_20_4200P0_2_222_0XFF_N
,RF_WMSS-LOGGER_LS77D_PMHB3JB-DMHB3JB-PMMHB3-DMMHB3_RP4-R5-R6_HOME_20_4075P0_2_122_0XFF_N
,RF_WMSS-LOGGER_LS77D_PUNA-DUNA-PMUNA-DMUNA_RP4-R5-R6_HOME_20_4200P0_2_122_0XFF_N
,RF_WMSS-LOGGER_LS77D_PUNA-DUNA-PMUNA-DMUNA_RP5-R7-R8_HOME_20_4200P0_2_122_0XFF_N
,RF_WMSS-LOGGER_LS77D_PUNA-DUNA-PMUNA-DMUNA_RP6-R9-R10_HOME_20_4200P0_2_122_0XFF_N
,RF_WMSS-LOGGER_LS79A_PNA-DNA-PMNA-DMNA_RP4-R5-R6_HOME_20_4400P0_2_1122_0XFF_N
,RF_WMSS-LOGGER_LS79A_PNA-DNA-PMNA-DMNA_RP4-R5-R6_HOME_20_4600P0_2_1122_0XFF_N
,RF_WMSS-LOGGER_LS79A_PNA-DNA-PMNA-DMNA_RP5-R7-R8_HOME_20_4400P0_2_1122_0XFF_N
,RF_WMSS-LOGGER_LS79A_PNA-DNA-PMNA-DMNA_RP5-R7-R8_HOME_20_4600P0_2_1122_0XFF_N
,RF_WMSS-LOGGER_LS79A_PNA-DNA-PMNA-DMNA_RP6-R9-R10_HOME_20_4400P0_2_1122_0XFF_N
,RF_WMSS-LOGGER_LS79A_PNA-DNA-PMNA-DMNA_RP6-R9-R10_HOME_20_4500P0_2_1122_0XFF_N
,RF_WMSS-LOGGER_LS79A_PNRULAA-DNRULAA_RP3-R3_HOME_20_4400P0_2_1222_0XFF_N
,RF_WMSS-LOGGER_LS79B_PNA-DNA-PMNA-DMNA_RP4-R5-R6_HOME_20_4798P0_2_1122_0XFF_N
,RF_WMSS-LOGGER_LS79B_PNA-DNA-PMNA-DMNA_RP4-R5-R6_HOME_20_4800P0_2_125_0XFF_N
,RF_WMSS-LOGGER_LS79B_PNA-DNA-PMNA-DMNA_RP5-R7-R8_HOME_20_4798P0_2_1122_0XFF_N
,RF_WMSS-LOGGER_LS79B_PNA-DNA-PMNA-DMNA_RP5-R7-R8_HOME_20_4800P0_2_125_0XFF_N
,RF_WMSS-LOGGER_LS79B_PNA-DNA-PMNA-DMNA_RP6-R9-R10_HOME_20_4798P0_2_1122_0XFF_N
,RF_WMSS-LOGGER_LS79B_PNRULAA-DNRULAA_RP3-R3_HOME_20_4600P0_2_1222_0XFF_N
,RF_WMSS-LOGGER_LS79C_PNA-DNA-PMNA-DMNA_RP4-R5-R6_HOME_20_5000P0_2_1122_0XFF_N
,RF_WMSS-LOGGER_LS79C_PNA-DNA-PMNA-DMNA_RP5-R7-R8_HOME_20_5000P0_2_1122_0XFF_N
,RF_WMSS-LOGGER_LS79C_PNA-DNA-PMNA-DMNA_RP6-R9-R10_HOME_20_5000P0_2_1122_0XFF_N
,RF_WMSS-LOGGER_LS79C_PNRULAA-DNRULAA_RP3-R3_HOME_20_4900P0_2_1222_0XFF_N
,RF_WMSS-LOGGER_LS25-LS25_PMHB2-DMHB2-PMMHB2-DMMHB2_RP4-R5SCA1-R6SCA1_HOME_5_1932P5_2_222_0XFF_RP5-R7SCA1-R8SCA1_HOME_5_1992P5_2_222_N
,RF_WMSS-LOGGER_LS25-LS25_PMHB2-DMHB2-PMMHB2-DMMHB2_RP4-R5SCA1-R6SCA1_HOME_5_1932P5_2_222_0XFF_RP5-R7SCA1-R8SCA1_HOME_5_1992P5_4_142_N
,RF_WMSS-LOGGER_LS25-LS25_PMHB2-DMHB2-PMMHB2-DMMHB2_RP4-R5SCA1-R6SCA1_HOME_5_1932P5_4_142_0XFF_RP5-R7SCA1-R8SCA1_HOME_5_1992P5_2_222_N
,RF_WMSS-LOGGER_LS25-LS25_PMHB2-DMHB2-PMMHB2-DMMHB2_RP4-R5SCA1-R6SCA1_HOME_5_1932P5_4_142_0XFF_RP5-R7SCA1-R8SCA1_HOME_5_1992P5_4_142_N
,RF_WMSS-LOGGER_LS25-LS25_PMHB3JB-DMHB3JB-PMMHB3-DMMHB3_RP3-R3SCA1-R4SCA1_HOME_5_1932P5_2_122_0XFF_RP4-R5SCA1-R6SCA1_HOME_5_1992P5_2_222_N
,RF_WMSS-LOGGER_LS25-LS25_PMHB3JB-DMHB3JB-PMMHB3-DMMHB3_RP3-R3SCA1-R4SCA1_HOME_5_1932P5_2_122_0XFF_RP4-R5SCA1-R6SCA1_HOME_5_1992P5_4_142_N
,RF_WMSS-LOGGER_LS25-LS25_PMHB3JB-DMHB3JB-PMMHB3-DMMHB3_RP3-R3SCA1-R4SCA1_HOME_5_1932P5_4_242_0XFF_RP4-R5SCA1-R6SCA1_HOME_5_1992P5_2_222_N
,RF_WMSS-LOGGER_LS25-LS25_PMHB3JB-DMHB3JB-PMMHB3-DMMHB3_RP3-R3SCA1-R4SCA1_HOME_5_1932P5_4_242_0XFF_RP4-R5SCA1-R6SCA1_HOME_5_1992P5_4_142_N
,RF_WMSS-LOGGER_LS3-LS3_PMHB2-DMHB2-PMMHB2-DMMHB2_RP4-R5SCA1-R6SCA1_HOME_20_1815P0_2_222_0XFF_RP5-R7SCA1-R8SCA1_HOME_20_1870P0_2_222_N
,RF_WMSS-LOGGER_LS3-LS3_PMHB2-DMHB2-PMMHB2-DMMHB2_RP4-R5SCA1-R6SCA1_HOME_20_1815P0_2_222_0XFF_RP5-R7SCA1-R8SCA1_HOME_20_1870P0_4_142_N
,RF_WMSS-LOGGER_LS3-LS3_PMHB2-DMHB2-PMMHB2-DMMHB2_RP4-R5SCA1-R6SCA1_HOME_20_1815P0_4_142_0XFF_RP5-R7SCA1-R8SCA1_HOME_20_1870P0_2_222_N
,RF_WMSS-LOGGER_LS3-LS3_PMHB2-DMHB2-PMMHB2-DMMHB2_RP4-R5SCA1-R6SCA1_HOME_20_1815P0_4_142_0XFF_RP5-R7SCA1-R8SCA1_HOME_20_1870P0_4_142_N
,RF_WMSS-LOGGER_LS3-LS3_PMHB2-DMHB2-PMMHB2-DMMHB2_RP4-R5SCA1-R6SCA1_HOME_5_1807P5_2_222_0XFF_RP5-R7SCA1-R8SCA1_HOME_5_1877P5_2_222_N
,RF_WMSS-LOGGER_LS3-LS3_PMHB2-DMHB2-PMMHB2-DMMHB2_RP4-R5SCA1-R6SCA1_HOME_5_1807P5_2_222_0XFF_RP5-R7SCA1-R8SCA1_HOME_5_1877P5_4_142_N
,RF_WMSS-LOGGER_LS3-LS3_PMHB2-DMHB2-PMMHB2-DMMHB2_RP4-R5SCA1-R6SCA1_HOME_5_1807P5_4_142_0XFF_RP5-R7SCA1-R8SCA1_HOME_5_1877P5_2_222_N
,RF_WMSS-LOGGER_LS3-LS3_PMHB2-DMHB2-PMMHB2-DMMHB2_RP4-R5SCA1-R6SCA1_HOME_5_1807P5_4_142_0XFF_RP5-R7SCA1-R8SCA1_HOME_5_1877P5_4_142_N
,RF_WMSS-LOGGER_LS3-LS3_PMHB3JB-DMHB3JB-PMMHB3-DMMHB3_RP3-R3SCA1-R4SCA1_HOME_20_1815P0_2_122_0XFF_RP4-R5SCA1-R6SCA1_HOME_20_1870P0_2_222_N
,RF_WMSS-LOGGER_LS3-LS3_PMHB3JB-DMHB3JB-PMMHB3-DMMHB3_RP3-R3SCA1-R4SCA1_HOME_20_1815P0_2_122_0XFF_RP4-R5SCA1-R6SCA1_HOME_20_1870P0_4_142_N
,RF_WMSS-LOGGER_LS3-LS3_PMHB3JB-DMHB3JB-PMMHB3-DMMHB3_RP3-R3SCA1-R4SCA1_HOME_20_1815P0_4_242_0XFF_RP4-R5SCA1-R6SCA1_HOME_20_1870P0_2_222_N
,RF_WMSS-LOGGER_LS3-LS3_PMHB3JB-DMHB3JB-PMMHB3-DMMHB3_RP3-R3SCA1-R4SCA1_HOME_20_1815P0_4_242_0XFF_RP4-R5SCA1-R6SCA1_HOME_20_1870P0_4_142_N
,RF_WMSS-LOGGER_LS3-LS3_PMHB3JB-DMHB3JB-PMMHB3-DMMHB3_RP3-R3SCA1-R4SCA1_HOME_5_1807P5_2_122_0XFF_RP4-R5SCA1-R6SCA1_HOME_5_1877P5_2_222_N
,RF_WMSS-LOGGER_LS3-LS3_PMHB3JB-DMHB3JB-PMMHB3-DMMHB3_RP3-R3SCA1-R4SCA1_HOME_5_1807P5_2_122_0XFF_RP4-R5SCA1-R6SCA1_HOME_5_1877P5_4_142_N
,RF_WMSS-LOGGER_LS3-LS3_PMHB3JB-DMHB3JB-PMMHB3-DMMHB3_RP3-R3SCA1-R4SCA1_HOME_5_1807P5_4_242_0XFF_RP4-R5SCA1-R6SCA1_HOME_5_1877P5_2_222_N
,RF_WMSS-LOGGER_LS3-LS3_PMHB3JB-DMHB3JB-PMMHB3-DMMHB3_RP3-R3SCA1-R4SCA1_HOME_5_1807P5_4_242_0XFF_RP4-R5SCA1-R6SCA1_HOME_5_1877P5_4_142_N
,RF_WMSS-LOGGER_LS12-LS12_PLB1-DLB1_RP3-R3SCA1_HOME_5_731P5_6_162_0XFF_RP4-R5SCA1_HOME_5_743P5_6_262_N
,RF_WMSS-LOGGER_LS12-LS12_PLB1-DLB1_RP3-R3SCA1_HOME_5_731P5_8_182_0XFF_RP4-R5SCA1_HOME_5_743P5_6_262_N
,RF_WMSS-LOGGER_LS12-LS12_PLB1-DLB1_RP3-R3SCA1_HOME_5_734P0_6_162_0XFF_RP4-R5SCA1_HOME_5_741P0_6_262_N
,RF_WMSS-LOGGER_LS5-LS5_PLB1-DLB1_RP3-R3SCA1_HOME_10_874P0_4_142_0XFF_RP4-R5SCA1_HOME_10_889P0_4_242_N
,RF_WMSS-LOGGER_LS5-LS5_PLB1-DLB1_RP3-R3SCA1_HOME_10_874P0_6_162_0XFF_RP4-R5SCA1_HOME_10_889P0_8_182_N
,RF_WMSS-LOGGER_LS5-LS5_PLB1-DLB1_RP3-R3SCA1_HOME_5_871P5_6_162_0XFF_RP4-R5SCA1_HOME_5_891P5_8_182_N
,RF_WMSS-LOGGER_LS5-LS5_PLB1-DLB1_RP3-R3SCA1_HOME_5_874P0_4_142_0XFF_RP4-R5SCA1_HOME_5_889P0_4_242_N
,RF_WMSS-LOGGER_LS71-LS71_PLB1-DLB1_RP3-R3SCA1_HOME_20_627P0_6_163_0XFF_RP4-R5SCA1_HOME_20_642P0_6_262_N
,RF_WMSS-LOGGER_LS71-LS71_PLB1-DLB1_RP3-R3SCA1_HOME_20_627P0_8_182_0XFF_RP4-R5SCA1_HOME_20_642P0_6_262_N
,RF_WMSS-LOGGER_LS71-LS71_PLB1-DLB1_RP3-R3SCA1_HOME_5_624P0_8_183_0XFF_RP4-R5SCA1_HOME_5_649P5_6_262_N
,RF_WMSS-LOGGER_LS71-LS71_PLB1-DLB1_RP3-R3SCA1_HOME_5_629P0_6_162_0XFF_RP4-R5SCA1_HOME_5_647P0_6_262_N
,RF_WMSS-LOGGER_LS7-LS7_PMHB2-DMHB2-PMMHB2-DMMHB2_RP4-R5SCA1-R6SCA1_HOME_5_2622P5_2_222_0XFF_RP5-R7SCA1-R8SCA1_HOME_5_2687P5_2_223_N
,RF_WMSS-LOGGER_LS7-LS7_PMHB2-DMHB2-PMMHB2-DMMHB2_RP4-R5SCA1-R6SCA1_HOME_5_2622P5_2_222_0XFF_RP5-R7SCA1-R8SCA1_HOME_5_2687P5_4_143_N
,RF_WMSS-LOGGER_LS7-LS7_PMHB2-DMHB2-PMMHB2-DMMHB2_RP4-R5SCA1-R6SCA1_HOME_5_2622P5_4_142_0XFF_RP5-R7SCA1-R8SCA1_HOME_5_2687P5_2_223_N
,RF_WMSS-LOGGER_LS7-LS7_PMHB2-DMHB2-PMMHB2-DMMHB2_RP4-R5SCA1-R6SCA1_HOME_5_2622P5_4_142_0XFF_RP5-R7SCA1-R8SCA1_HOME_5_2687P5_4_143_N
,RF_WMSS-LOGGER_LS7-LS7_PMHB3JB-DMHB3JB-PMMHB3-DMMHB3_RP3-R3SCA1-R4SCA1_HOME_5_2622P5_2_122_0XFF_RP4-R5SCA1-R6SCA1_HOME_5_2687P5_2_223_N
,RF_WMSS-LOGGER_LS7-LS7_PMHB3JB-DMHB3JB-PMMHB3-DMMHB3_RP3-R3SCA1-R4SCA1_HOME_5_2622P5_2_122_0XFF_RP4-R5SCA1-R6SCA1_HOME_5_2687P5_4_143_N
,RF_WMSS-LOGGER_LS7-LS7_PMHB3JB-DMHB3JB-PMMHB3-DMMHB3_RP3-R3SCA1-R4SCA1_HOME_5_2622P5_4_242_0XFF_RP4-R5SCA1-R6SCA1_HOME_5_2687P5_2_223_N
,RF_WMSS-LOGGER_LS7-LS7_PMHB3JB-DMHB3JB-PMMHB3-DMMHB3_RP3-R3SCA1-R4SCA1_HOME_5_2622P5_4_242_0XFF_RP4-R5SCA1-R6SCA1_HOME_5_2687P5_4_143_N
,RF_WMSS-LOGGER_LS1_PMHB1-DMHB1-PMMHB1-DMMHB1_RP6-R9-R10_HOME_10_2168P0_2_222_0XFF_N
,RF_WMSS-LOGGER_LS1_PMHB1-DMHB1-PMMHB1-DMMHB1_RP6-R9-R10_HOME_10_2168P0_4_142_0XFF_N
,RF_WMSS-LOGGER_LS1_PMHB2-DMHB2-PMMHB2-DMMHB2_RP4-R5-R6_HOME_10_2168P0_2_222_0XFF_N
,RF_WMSS-LOGGER_LS1_PMHB2-DMHB2-PMMHB2-DMMHB2_RP4-R5-R6_HOME_10_2168P0_4_142_0XFF_N
,RF_WMSS-LOGGER_LS1_PMHB2-DMHB2-PMMHB2-DMMHB2_RP5-R7-R8_HOME_10_2168P0_2_222_0XFF_N
,RF_WMSS-LOGGER_LS1_PMHB2-DMHB2-PMMHB2-DMMHB2_RP5-R7-R8_HOME_10_2168P0_4_142_0XFF_N
,RF_WMSS-LOGGER_LS1_PMHB3JB-DMHB3JB-PMMHB3-DMMHB3_RP3-R3-R4_HOME_10_2168P0_2_122_0XFF_N
,RF_WMSS-LOGGER_LS1_PMHB3JB-DMHB3JB-PMMHB3-DMMHB3_RP3-R3-R4_HOME_10_2168P0_4_242_0XFF_N
,RF_WMSS-LOGGER_LS1_PMHB3JB-DMHB3JB-PMMHB3-DMMHB3_RP4-R5-R6_HOME_10_2168P0_2_222_0XFF_N
,RF_WMSS-LOGGER_LS1_PMHB3JB-DMHB3JB-PMMHB3-DMMHB3_RP4-R5-R6_HOME_10_2168P0_4_142_0XFF_N
,RF_WMSS-LOGGER_LS11_PMHB3JB-DMHB3JB_RP3-R3_HOME_10_1496P0_4_142_0XFF_N
,RF_WMSS-LOGGER_LS11_PMHB3JB-DMHB3JB_RP4-R5_HOME_10_1496P0_6_162_0XFF_N
,RF_WMSS-LOGGER_LS13_PLB1-DLB1_RP4-R5_HOME_10_746P0_6_262_0XFF_N
,RF_WMSS-LOGGER_LS13_PLB2MLB-DLB2MLB_RP3-R3_HOME_10_746P0_6_162_0XFF_N
,RF_WMSS-LOGGER_LS13_PLB2MLB-DLB2MLB_RP3-R3_HOME_10_746P0_8_182_0XFF_N
,RF_WMSS-LOGGER_LS14_PLB1-DLB1_RP4-R5_HOME_10_758P0_6_262_0XFF_N
,RF_WMSS-LOGGER_LS14_PLB2MLB-DLB2MLB_RP3-R3_HOME_10_758P0_6_162_0XFF_N
,RF_WMSS-LOGGER_LS14_PLB2MLB-DLB2MLB_RP3-R3_HOME_10_763P0_8_182_0XFF_N
,RF_WMSS-LOGGER_LS2_PMHB1-DMHB1-PMMHB1-DMMHB1_RP6-R9-R10_HOME_10_1990P0_2_222_0XFF_N
,RF_WMSS-LOGGER_LS2_PMHB1-DMHB1-PMMHB1-DMMHB1_RP6-R9-R10_HOME_10_1990P0_4_142_0XFF_N
,RF_WMSS-LOGGER_LS2_PMHB2-DMHB2-PMMHB2-DMMHB2_RP4-R5-R6_HOME_10_1990P0_2_222_0XFF_N
,RF_WMSS-LOGGER_LS2_PMHB2-DMHB2-PMMHB2-DMMHB2_RP4-R5-R6_HOME_10_1990P0_4_142_0XFF_N
,RF_WMSS-LOGGER_LS2_PMHB2-DMHB2-PMMHB2-DMMHB2_RP5-R7-R8_HOME_10_1990P0_2_222_0XFF_N
,RF_WMSS-LOGGER_LS2_PMHB2-DMHB2-PMMHB2-DMMHB2_RP5-R7-R8_HOME_10_1990P0_4_142_0XFF_N
,RF_WMSS-LOGGER_LS2_PMHB3JB-DMHB3JB-PMMHB3-DMMHB3_RP3-R3-R4_HOME_10_1990P0_2_122_0XFF_N
,RF_WMSS-LOGGER_LS2_PMHB3JB-DMHB3JB-PMMHB3-DMMHB3_RP3-R3-R4_HOME_10_1990P0_4_242_0XFF_N
,RF_WMSS-LOGGER_LS20_PLB1-DLB1_RP4-R5_HOME_10_791P0_6_262_0XFF_N
,RF_WMSS-LOGGER_LS20_PLB2MLB-DLB2MLB_RP3-R3_HOME_10_791P0_6_162_0XFF_N
,RF_WMSS-LOGGER_LS20_PLB2MLB-DLB2MLB_RP3-R3_HOME_10_791P0_8_182_0XFF_N
,RF_WMSS-LOGGER_LS21_PMHB3JB-DMHB3JB_RP3-R3_HOME_10_1510P0_4_142_0XFF_N
,RF_WMSS-LOGGER_LS21_PMHB3JB-DMHB3JB_RP4-R5_HOME_10_1503P4_6_162_0XFF_N
,RF_WMSS-LOGGER_LS25_PMHB1-DMHB1-PMMHB1-DMMHB1_RP6-R9-R10_HOME_10_1995P0_2_222_0XFF_N
,RF_WMSS-LOGGER_LS25_PMHB1-DMHB1-PMMHB1-DMMHB1_RP6-R9-R10_HOME_10_1995P0_4_142_0XFF_N
,RF_WMSS-LOGGER_LS25_PMHB2-DMHB2-PMMHB2-DMMHB2_RP5-R7-R8_HOME_10_1995P0_2_222_0XFF_N
,RF_WMSS-LOGGER_LS25_PMHB2-DMHB2-PMMHB2-DMMHB2_RP5-R7-R8_HOME_10_1995P0_4_142_0XFF_N
,RF_WMSS-LOGGER_LS25_PMHB3JB-DMHB3JB-PMMHB3-DMMHB3_RP3-R3-R4_HOME_10_1995P0_2_122_0XFF_N
,RF_WMSS-LOGGER_LS25_PMHB3JB-DMHB3JB-PMMHB3-DMMHB3_RP3-R3-R4_HOME_10_1995P0_4_242_0XFF_N
,RF_WMSS-LOGGER_LS25_PMHB3JB-DMHB3JB-PMMHB3-DMMHB3_RP4-R5-R6_HOME_10_1995P0_2_222_0XFF_N
,RF_WMSS-LOGGER_LS25_PMHB3JB-DMHB3JB-PMMHB3-DMMHB3_RP4-R5-R6_HOME_10_1995P0_4_142_0XFF_N
,RF_WMSS-LOGGER_LS28_PLB1-DLB1_RP4-R5_HOME_10_803P0_6_262_0XFF_N
,RF_WMSS-LOGGER_LS28_PLB2MLB-DLB2MLB_RP3-R3_HOME_10_803P0_6_162_0XFF_N
,RF_WMSS-LOGGER_LS28_PLB2MLB-DLB2MLB_RP3-R3_HOME_10_803P0_8_182_0XFF_N
,RF_WMSS-LOGGER_LS3_PMHB1-DMHB1-PMMHB1-DMMHB1_RP6-R9-R10_HOME_10_1880P0_2_222_0XFF_N
,RF_WMSS-LOGGER_LS3_PMHB1-DMHB1-PMMHB1-DMMHB1_RP6-R9-R10_HOME_10_1880P0_4_142_0XFF_N
,RF_WMSS-LOGGER_LS3_PMHB2-DMHB2-PMMHB2-DMMHB2_RP4-R5-R6_HOME_10_1880P0_2_222_0XFF_N
,RF_WMSS-LOGGER_LS3_PMHB2-DMHB2-PMMHB2-DMMHB2_RP4-R5-R6_HOME_10_1880P0_4_142_0XFF_N
,RF_WMSS-LOGGER_LS3_PMHB2-DMHB2-PMMHB2-DMMHB2_RP5-R7-R8_HOME_10_1880P0_2_222_0XFF_N
,RF_WMSS-LOGGER_LS3_PMHB2-DMHB2-PMMHB2-DMMHB2_RP5-R7-R8_HOME_10_1880P0_4_142_0XFF_N
,RF_WMSS-LOGGER_LS3_PMHB3JB-DMHB3JB-PMMHB3-DMMHB3_RP3-R3-R4_HOME_10_1880P0_2_122_0XFF_N
,RF_WMSS-LOGGER_LS3_PMHB3JB-DMHB3JB-PMMHB3-DMMHB3_RP3-R3-R4_HOME_10_1880P0_4_242_0XFF_N
,RF_WMSS-LOGGER_LS30_PMHB1-DMHB1-PMMHB1-DMMHB1_RP6-R9-R10_HOME_10_2360P0_2_222_0XFF_N
,RF_WMSS-LOGGER_LS30_PMHB1-DMHB1-PMMHB1-DMMHB1_RP6-R9-R10_HOME_10_2360P0_4_142_0XFF_N
,RF_WMSS-LOGGER_LS30_PMHB2-DMHB2-PMMHB2-DMMHB2_RP4-R5-R6_HOME_10_2360P0_2_222_0XFF_N
,RF_WMSS-LOGGER_LS30_PMHB2-DMHB2-PMMHB2-DMMHB2_RP4-R5-R6_HOME_10_2360P0_4_142_0XFF_N
,RF_WMSS-LOGGER_LS30_PMHB2-DMHB2-PMMHB2-DMMHB2_RP5-R7-R8_HOME_10_2360P0_2_222_0XFF_N
,RF_WMSS-LOGGER_LS30_PMHB2-DMHB2-PMMHB2-DMMHB2_RP5-R7-R8_HOME_10_2360P0_4_142_0XFF_N
,RF_WMSS-LOGGER_LS30_PMHB3JB-DMHB3JB-PMMHB3-DMMHB3_RP3-R3-R4_HOME_10_2360P0_2_122_0XFF_N
,RF_WMSS-LOGGER_LS30_PMHB3JB-DMHB3JB-PMMHB3-DMMHB3_RP3-R3-R4_HOME_10_2360P0_4_242_0XFF_N
,RF_WMSS-LOGGER_LS5_PLB1-DLB1_RP4-R5_HOME_10_894P0_4_242_0XFF_N
,RF_WMSS-LOGGER_LS5_PLB1-DLB1_RP4-R5_HOME_10_894P0_8_182_0XFF_N
,RF_WMSS-LOGGER_LS5_PLB2MLB-DLB2MLB_RP3-R3_HOME_10_894P0_4_142_0XFF_N
,RF_WMSS-LOGGER_LS5_PLB2MLB-DLB2MLB_RP3-R3_HOME_10_894P0_6_162_0XFF_N
,RF_WMSS-LOGGER_LS7_PMHB1-DMHB1-PMMHB1-DMMHB1_RP6-R9-R10_HOME_10_2655P0_4_142_0XFF_N
,RF_WMSS-LOGGER_LS7_PMHB1-DMHB1-PMMHB1-DMMHB1_RP6-R9-R10_HOME_10_2690P0_2_222_0XFF_N
,RF_WMSS-LOGGER_LS7_PMHB2-DMHB2-PMMHB2-DMMHB2_RP4-R5-R6_HOME_10_2655P0_4_142_0XFF_N
,RF_WMSS-LOGGER_LS7_PMHB2-DMHB2-PMMHB2-DMMHB2_RP4-R5-R6_HOME_10_2690P0_2_222_0XFF_N
,RF_WMSS-LOGGER_LS7_PMHB2-DMHB2-PMMHB2-DMMHB2_RP5-R7-R8_HOME_10_2655P0_4_142_0XFF_N
,RF_WMSS-LOGGER_LS7_PMHB2-DMHB2-PMMHB2-DMMHB2_RP5-R7-R8_HOME_10_2690P0_2_222_0XFF_N
,RF_WMSS-LOGGER_LS7_PMHB3JB-DMHB3JB-PMMHB3-DMMHB3_RP3-R3-R4_HOME_10_2690P0_2_122_0XFF_N
,RF_WMSS-LOGGER_LS7_PMHB3JB-DMHB3JB-PMMHB3-DMMHB3_RP3-R3-R4_HOME_10_2690P0_4_242_0XFF_N
,RF_WMSS-LOGGER_LS71_PLB1-DLB1_RP4-R5_HOME_10_625P0_6_262_0XFF_N
,RF_WMSS-LOGGER_LS71_PLB2MLB-DLB2MLB_RP3-R3_HOME_10_625P0_6_162_0XFF_N
,RF_WMSS-LOGGER_LS71_PLB2MLB-DLB2MLB_RP3-R3_HOME_10_625P0_8_182_0XFF_N
,RF_WMSS-LOGGER_LS8_PLB1-DLB1_RP4-R5_HOME_10_958P0_8_182_0XFF_N
,RF_WMSS-LOGGER_LS8_PLB2MLB-DLB2MLB_RP3-R3_HOME_10_958P0_4_142_0XFF_N
,RF_WMSS-LOGGER_LS8_PLB2MLB-DLB2MLB_RP3-R3_HOME_10_958P0_6_162_0XFF_N
